Timestamp local time,Store name,Transaction type,DoorDash order ID,Final order status,Subtotal,Subtotal tax passed to merchant,Commission,Marketing fees,Error charges,Adjustments,Net total,Payout date,Payout ID,Description
2026-08-28 13:34:00,Bubbakoo's Burritos - Sample Store,Order,892F902BD23F0824128B,Delivered,29.56,2.62,-7.39,-0.0,0,0,24.79,2026-08-31,DDP-35,
2026-08-28 11:38:00,Bubbakoo's Burritos - Sample Store,Order,1738F7D93D9C172411E2,Delivered,15.04,1.33,-3.76,-0.0,0,0,12.61,2026-08-31,DDP-35,
2026-08-28 14:48:00,Bubbakoo's Burritos - Sample Store,Order,93BD04CF0FD630F1F29D,Delivered,40.64,3.61,-10.16,-0.0,0,0,34.09,2026-08-31,DDP-35,
2026-08-28 20:30:00,Bubbakoo's Burritos - Sample Store,Order,8A6A63EC24EDE6A46B4C,Delivered,51.35,4.56,-12.84,-0.0,0,0,43.07,2026-08-31,DDP-35,
2026-08-28 12:45:00,Bubbakoo's Burritos - Sample Store,Order,18F135D25F5572033018,Delivered,38.34,3.4,-9.59,-0.0,0,0,32.15,2026-08-31,DDP-35,
2026-08-28 19:28:00,Bubbakoo's Burritos - Sample Store,Order,7731AF10506BF2EFC6F8,Delivered,42.98,3.81,-10.74,-0.0,0,0,36.05,2026-08-31,DDP-35,
2026-08-28 14:04:00,Bubbakoo's Burritos - Sample Store,Order,4CDD2055930D6EAF14F4,Delivered,43.85,3.89,-10.96,-0.0,0,0,36.78,2026-08-31,DDP-35,
2026-08-28 15:54:00,Bubbakoo's Burritos - Sample Store,Order,6B0A18E8830E07BC1E39,Delivered,39.62,3.52,-9.9,-0.0,0,0,33.24,2026-08-31,DDP-35,
2026-08-28 18:11:00,Bubbakoo's Burritos - Sample Store,Order,8EDE0D7AC3BAEA9E13DE,Delivered,12.84,1.14,-3.21,-0.0,0,0,10.77,2026-08-31,DDP-35,
2026-08-28 16:58:00,Bubbakoo's Burritos - Sample Store,Order,119A72D174C9DF6ACC01,Delivered,38.94,3.46,-9.73,-0.0,0,0,32.67,2026-08-31,DDP-35,
2026-08-28 12:02:00,Bubbakoo's Burritos - Sample Store,Order,FE3B890B93F448B3A5AA,Delivered,45.36,4.03,-11.34,-0.0,0,0,38.05,2026-08-31,DDP-35,
2026-08-28 11:23:00,Bubbakoo's Burritos - Sample Store,Order,1DF9FD789C6539382B05,Delivered,52.73,4.9,-13.8,-0.0,0,0,43.83,2026-08-31,DDP-35,
2026-08-28 17:47:00,Bubbakoo's Burritos - Sample Store,Order,2A96FB1A14A0F9E77F1B,Delivered,29.37,2.61,-7.34,-0.0,0,0,24.64,2026-08-31,DDP-35,
2026-08-28 18:20:00,Bubbakoo's Burritos - Sample Store,Order,FC891B4A6A50DF4DB4D6,Delivered,51.61,4.58,-12.9,-0.0,0,0,43.29,2026-08-31,DDP-35,
2026-08-28 13:34:00,Bubbakoo's Burritos - Sample Store,Order,3BBBE9EAA8948C893B61,Delivered,14.9,1.32,-3.73,-0.0,0,0,12.49,2026-08-31,DDP-35,
2026-08-28 15:48:00,Bubbakoo's Burritos - Sample Store,Order,9C1CAAF75E8766ED88DA,Delivered,11.19,0.99,-2.8,-0.0,0,0,9.38,2026-08-31,DDP-35,
2026-08-28 18:47:00,Bubbakoo's Burritos - Sample Store,Order,AE3A2B7FDFE01893F3AE,Delivered,53.28,4.73,-13.32,-0.0,0,0,44.69,2026-08-31,DDP-35,
2026-08-28 19:13:00,Bubbakoo's Burritos - Sample Store,Order,FC132D0D113DB17D30CB,Delivered,40.81,3.62,-10.2,-0.0,0,0,34.23,2026-08-31,DDP-35,
2026-08-28 12:44:00,Bubbakoo's Burritos - Sample Store,Order,F2EE4E4519F9919C895F,Delivered,11.01,0.98,-2.75,-0.0,0,0,9.24,2026-08-31,DDP-35,
2026-08-28 17:25:00,Bubbakoo's Burritos - Sample Store,Order,9A2EF80F58EE8571F499,Delivered,17.98,1.6,-4.5,-0.0,0,0,15.08,2026-08-31,DDP-35,
2026-08-28 18:57:00,Bubbakoo's Burritos - Sample Store,Order,1A28F7B324E4E25A15FC,Delivered,33.58,2.98,-8.39,-0.0,0,0,28.17,2026-08-31,DDP-35,
2026-08-28 19:48:00,Bubbakoo's Burritos - Sample Store,Order,5C9BCF35873BE078F3B7,Delivered,12.09,1.07,-3.02,-0.0,0,0,10.14,2026-08-31,DDP-35,
2026-08-28 12:33:00,Bubbakoo's Burritos - Sample Store,Order,E883A1D45DE0099784B5,Delivered,43.72,3.88,-10.93,-0.0,0,0,36.67,2026-08-31,DDP-35,
2026-08-29 13:20:00,Bubbakoo's Burritos - Sample Store,Order,1292618550E40D54712E,Delivered,30.58,2.71,-7.64,-0.0,0,0,25.65,2026-08-31,DDP-35,
2026-08-29 13:05:00,Bubbakoo's Burritos - Sample Store,Order,A4B9A9C4B753A1EEF083,Delivered,53.16,4.72,-13.29,-0.0,0,0,44.59,2026-08-31,DDP-35,
2026-08-29 14:44:00,Bubbakoo's Burritos - Sample Store,Order,7CBD1F5AE28AF60465F4,Delivered,46.09,4.09,-11.52,-0.0,0,0,38.66,2026-08-31,DDP-35,
2026-08-29 18:21:00,Bubbakoo's Burritos - Sample Store,Order,321C52966BD8C67656D0,Delivered,57.72,5.12,-14.43,-0.0,0,0,48.41,2026-08-31,DDP-35,
2026-08-29 16:46:00,Bubbakoo's Burritos - Sample Store,Order,626467BA04A10547B401,Delivered,37.04,3.29,-9.26,-0.0,0,0,31.07,2026-08-31,DDP-35,
2026-08-29 12:55:00,Bubbakoo's Burritos - Sample Store,Order,E05B3E13F8C110FB3A82,Delivered,57.3,5.09,-14.32,-0.0,0,0,48.07,2026-08-31,DDP-35,
2026-08-29 15:36:00,Bubbakoo's Burritos - Sample Store,Order,E9526A69D97E967B6C18,Delivered,46.52,4.13,-11.63,-0.0,0,0,39.02,2026-08-31,DDP-35,
2026-08-29 16:34:00,Bubbakoo's Burritos - Sample Store,Order,2EEFA279B02E3D8DCCB1,Delivered,15.2,1.35,-3.8,-0.0,0,0,12.75,2026-08-31,DDP-35,
2026-08-29 12:30:00,Bubbakoo's Burritos - Sample Store,Order,38EFBAEBDB31CCD29BB1,Delivered,48.68,4.32,-12.17,-0.0,0,0,40.83,2026-08-31,DDP-35,
2026-08-29 16:47:00,Bubbakoo's Burritos - Sample Store,Order,449274D2EA59679AED3A,Delivered,57.73,5.12,-14.43,-0.0,0,0,48.42,2026-08-31,DDP-35,
2026-08-29 12:52:00,Bubbakoo's Burritos - Sample Store,Order,33A715682E5F950C0CE5,Delivered,56.55,5.02,-14.14,-0.0,0,0,47.43,2026-08-31,DDP-35,
2026-08-29 15:56:00,Bubbakoo's Burritos - Sample Store,Order,58D50F1B4540F4262D8A,Delivered,31.95,2.84,-7.99,-0.0,0,0,26.8,2026-08-31,DDP-35,
2026-08-29 19:37:00,Bubbakoo's Burritos - Sample Store,Order,3EE4DA5A7989E9D083A4,Delivered,36.9,3.27,-9.22,-0.0,0,0,30.95,2026-08-31,DDP-35,
2026-08-29 19:26:00,Bubbakoo's Burritos - Sample Store,Order,81B62BB5F86664AE64A1,Delivered,36.66,3.25,-9.16,-0.0,0,0,30.75,2026-08-31,DDP-35,
2026-08-29 14:23:00,Bubbakoo's Burritos - Sample Store,Order,23C49CAEA2CF62BABA95,Delivered,50.12,4.45,-12.53,-0.0,0,0,42.04,2026-08-31,DDP-35,
2026-08-29 11:14:00,Bubbakoo's Burritos - Sample Store,Order,6E4505F5416E99B0E13E,Delivered,12.07,1.27,-3.58,-0.0,0,0,9.76,2026-08-31,DDP-35,
2026-08-29 15:08:00,Bubbakoo's Burritos - Sample Store,Order,285414242F733B05759E,Delivered,43.56,3.87,-10.89,-0.0,0,0,36.54,2026-08-31,DDP-35,
2026-08-29 20:20:00,Bubbakoo's Burritos - Sample Store,Order,4F3E885EE1E437B7F735,Delivered,26.21,2.33,-6.55,-0.0,0,0,21.99,2026-08-31,DDP-35,
2026-08-29 12:25:00,Bubbakoo's Burritos - Sample Store,Order,3F88AF5933736DCCA7F0,Delivered,33.31,2.96,-8.33,-0.0,0,0,27.94,2026-08-31,DDP-35,
2026-08-29 13:27:00,Bubbakoo's Burritos - Sample Store,Order,4CB59AA705C22D3F64DB,Delivered,29.78,2.64,-7.45,-0.0,0,0,24.97,2026-08-31,DDP-35,
2026-08-29 17:38:00,Bubbakoo's Burritos - Sample Store,Order,264337987E834904FC17,Delivered,46.92,4.16,-11.73,-0.0,0,0,39.35,2026-08-31,DDP-35,
2026-08-29 19:45:00,Bubbakoo's Burritos - Sample Store,Order,816B2332CFED943BB378,Delivered,40.48,3.59,-10.12,-0.0,0,0,33.95,2026-08-31,DDP-35,
2026-08-29 20:58:00,Bubbakoo's Burritos - Sample Store,Order,B17DD255F4C18226AED2,Delivered,48.5,4.3,-12.12,-0.0,0,0,40.68,2026-08-31,DDP-35,
2026-08-29 12:47:00,Bubbakoo's Burritos - Sample Store,Order,A0B558640CFFF0548EFB,Delivered,28.7,2.55,-7.17,-0.0,0,0,24.08,2026-08-31,DDP-35,
2026-08-29 15:30:00,Bubbakoo's Burritos - Sample Store,Order,EEB89FF1BF8E51AA11F2,Delivered,11.16,0.99,-2.79,-0.0,0,0,9.36,2026-08-31,DDP-35,
2026-08-30 20:24:00,Bubbakoo's Burritos - Sample Store,Order,3B8A27BA202AB6FAC844,Delivered,47.51,4.22,-11.88,-0.0,0,0,39.85,2026-08-31,DDP-35,
2026-08-30 13:11:00,Bubbakoo's Burritos - Sample Store,Order,B2D643A26FFB726AA2E3,Delivered,40.44,3.59,-10.11,-0.0,0,0,33.92,2026-08-31,DDP-35,
2026-08-30 17:37:00,Bubbakoo's Burritos - Sample Store,Order,02AD9D2B004B7FD099DF,Delivered,23.26,2.06,-5.82,-0.0,0,0,19.5,2026-08-31,DDP-35,
2026-08-30 15:08:00,Bubbakoo's Burritos - Sample Store,Order,077EF32A3F3F37EA8C08,Delivered,33.34,2.96,-8.34,-0.0,0,0,27.96,2026-08-31,DDP-35,
2026-08-30 14:18:00,Bubbakoo's Burritos - Sample Store,Order,14C2732A6B86290BA5AC,Delivered,34.42,3.05,-8.61,-0.0,0,0,28.86,2026-08-31,DDP-35,
2026-08-30 14:52:00,Bubbakoo's Burritos - Sample Store,Order,6BA99D01B7E49F36568A,Delivered,34.17,3.03,-8.54,-0.0,0,0,28.66,2026-08-31,DDP-35,
2026-08-30 19:36:00,Bubbakoo's Burritos - Sample Store,Order,4FCC9A5C334E51AFF848,Delivered,14.17,1.26,-3.54,-0.0,0,0,11.89,2026-08-31,DDP-35,
2026-08-30 12:51:00,Bubbakoo's Burritos - Sample Store,Order,E57F76912FF3C23C9C2F,Delivered,55.74,4.95,-13.94,-0.0,0,0,46.75,2026-08-31,DDP-35,
2026-08-30 13:29:00,Bubbakoo's Burritos - Sample Store,Order,F95FE8A0060C88043683,Delivered,54.33,4.82,-13.58,-0.0,0,0,45.57,2026-08-31,DDP-35,
2026-08-30 14:08:00,Bubbakoo's Burritos - Sample Store,Order,506F68ACE2328994B647,Delivered,29.49,2.62,-7.37,-0.0,0,0,24.74,2026-08-31,DDP-35,
2026-08-30 14:15:00,Bubbakoo's Burritos - Sample Store,Order,77B5ABCBBF0E11E08659,Delivered,19.72,1.75,-4.93,-0.0,0,0,16.54,2026-08-31,DDP-35,
2026-08-30 16:39:00,Bubbakoo's Burritos - Sample Store,Order,47A164E41407AB3300BC,Delivered,31.79,2.82,-7.95,-0.0,0,0,26.66,2026-08-31,DDP-35,
2026-08-30 20:34:00,Bubbakoo's Burritos - Sample Store,Order,C4CBA0385B4C0D736150,Delivered,56.32,5.0,-14.08,-0.0,0,0,47.24,2026-08-31,DDP-35,
2026-08-30 19:04:00,Bubbakoo's Burritos - Sample Store,Order,316A2A127243D47CEB64,Delivered,20.2,1.79,-5.05,-0.0,0,0,16.94,2026-08-31,DDP-35,
2026-08-30 18:00:00,Bubbakoo's Burritos - Sample Store,Order,0A68013D679F2D9EC444,Delivered,22.66,2.01,-5.67,-0.0,0,0,19.0,2026-08-31,DDP-35,
2026-08-30 20:00:00,Bubbakoo's Burritos - Sample Store,Error charge,0A68013D679F2D9EC444,,0.0,0.0,0.0,0.0,0,0,-4.6,,,Missing item
2026-08-30 16:47:00,Bubbakoo's Burritos - Sample Store,Order,9DF24D5EF429C622F52B,Delivered,28.06,2.49,-7.01,-0.0,0,0,23.54,2026-08-31,DDP-35,
2026-08-30 15:42:00,Bubbakoo's Burritos - Sample Store,Order,EA9D18B298772790C172,Delivered,24.98,2.22,-6.25,-0.0,0,0,20.95,2026-08-31,DDP-35,
2026-08-30 17:42:00,Bubbakoo's Burritos - Sample Store,Error charge,EA9D18B298772790C172,,0.0,0.0,0.0,0.0,0,0,-6.57,,,Cold food
2026-08-30 17:35:00,Bubbakoo's Burritos - Sample Store,Order,7E544D56D096BFD66E10,Delivered,48.12,4.27,-12.03,-0.0,0,0,40.36,2026-08-31,DDP-35,
2026-08-30 13:34:00,Bubbakoo's Burritos - Sample Store,Order,75F5C1A051CDF2F9DC7A,Delivered,39.54,3.51,-9.88,-0.0,0,0,33.17,2026-08-31,DDP-35,
2026-08-31 14:03:00,Bubbakoo's Burritos - Sample Store,Order,20E27C17112ED1DF1B69,Delivered,49.09,4.36,-12.27,-0.0,0,0,41.18,2026-09-07,DDP-36,
2026-08-31 19:36:00,Bubbakoo's Burritos - Sample Store,Order,2159702BA2ED89620A68,Delivered,34.98,3.1,-8.74,-0.0,0,0,29.34,2026-09-07,DDP-36,
2026-08-31 11:55:00,Bubbakoo's Burritos - Sample Store,Order,F36C1575A71A56C660BB,Delivered,46.35,4.11,-11.59,-0.0,0,0,38.87,2026-09-07,DDP-36,
2026-08-31 13:55:00,Bubbakoo's Burritos - Sample Store,Error charge,F36C1575A71A56C660BB,,0.0,0.0,0.0,0.0,0,0,-5.58,,,Missing item
2026-08-31 15:54:00,Bubbakoo's Burritos - Sample Store,Order,AFA6798A2A44BF93CB83,Delivered,54.42,4.97,-13.99,-0.0,0,0,45.4,2026-09-07,DDP-36,
2026-08-31 16:31:00,Bubbakoo's Burritos - Sample Store,Order,74D6D11FD0CCE893E7B2,Delivered,53.14,4.72,-13.29,-0.0,0,0,44.57,2026-09-07,DDP-36,
2026-08-31 14:33:00,Bubbakoo's Burritos - Sample Store,Order,51AF10743CC631418189,Cancelled,0.0,0.0,-0.0,-1.32,0,0,-1.32,2026-09-07,DDP-36,
2026-08-31 17:25:00,Bubbakoo's Burritos - Sample Store,Order,C4AD10061D75CC2343AB,Delivered,18.93,1.68,-4.73,-0.0,0,0,15.88,2026-09-07,DDP-36,
2026-08-31 17:08:00,Bubbakoo's Burritos - Sample Store,Order,947DBE2D857DE96D8E20,Delivered,56.41,5.01,-14.1,-0.0,0,0,47.32,2026-09-07,DDP-36,
2026-08-31 17:20:00,Bubbakoo's Burritos - Sample Store,Order,256D108293CDE6095E73,Delivered,23.44,2.08,-5.86,-0.0,0,0,19.66,2026-09-07,DDP-36,
2026-08-31 14:00:00,Bubbakoo's Burritos - Sample Store,Order,D1E0014E4BDFC8510C5C,Delivered,39.92,3.54,-9.98,-0.0,0,0,33.48,2026-09-07,DDP-36,
2026-08-31 11:01:00,Bubbakoo's Burritos - Sample Store,Order,9DB596584A7D1DBC263C,Delivered,46.11,4.09,-11.53,-0.0,0,0,38.67,2026-09-07,DDP-36,
2026-08-31 13:15:00,Bubbakoo's Burritos - Sample Store,Order,05B4C4250BAB5F9FA732,Delivered,33.95,3.01,-8.49,-0.0,0,0,28.47,2026-09-07,DDP-36,
2026-08-31 15:15:00,Bubbakoo's Burritos - Sample Store,Error charge,05B4C4250BAB5F9FA732,,0.0,0.0,0.0,0.0,0,0,-9.81,,,Missing item
2026-08-31 18:03:00,Bubbakoo's Burritos - Sample Store,Order,5DC18BCE34456D5B223B,Delivered,38.43,3.41,-9.61,-0.0,0,0,32.23,2026-09-07,DDP-36,
2026-08-31 15:09:00,Bubbakoo's Burritos - Sample Store,Order,A361BCA2104C968A1886,Delivered,44.25,3.93,-11.06,-0.0,0,0,37.12,2026-09-07,DDP-36,
2026-08-31 15:30:00,Bubbakoo's Burritos - Sample Store,Order,8FF4EF93D2253C87A51B,Delivered,56.46,5.01,-14.12,-0.0,0,0,47.35,2026-09-07,DDP-36,
2026-08-31 15:14:00,Bubbakoo's Burritos - Sample Store,Order,88122E140FC055310B43,Delivered,18.76,1.66,-4.69,-0.0,0,0,15.73,2026-09-07,DDP-36,
2026-08-31 12:47:00,Bubbakoo's Burritos - Sample Store,Order,327F82F8F0E02C42A824,Delivered,11.58,1.03,-2.9,-0.0,0,0,9.71,2026-09-07,DDP-36,
2026-08-31 13:58:00,Bubbakoo's Burritos - Sample Store,Order,0C69E424A03F2A2B4CDE,Delivered,34.9,3.1,-8.72,-0.0,0,0,29.28,2026-09-07,DDP-36,
2026-08-31 18:56:00,Bubbakoo's Burritos - Sample Store,Order,39D7C1402CE678FE73D6,Delivered,14.78,1.31,-3.69,-0.0,0,0,12.4,2026-09-07,DDP-36,
2026-08-31 16:43:00,Bubbakoo's Burritos - Sample Store,Order,D867C466F15EA89DB1F2,Delivered,52.89,4.69,-13.22,-0.0,0,0,44.36,2026-09-07,DDP-36,
2026-08-31 19:55:00,Bubbakoo's Burritos - Sample Store,Order,F71377DCEDB6CE85A45A,Delivered,56.68,5.03,-14.17,-0.0,0,0,47.54,2026-09-07,DDP-36,
2026-08-31 15:26:00,Bubbakoo's Burritos - Sample Store,Order,F1D7B8AA33E92723BE6E,Delivered,53.52,4.75,-13.38,-0.0,0,0,44.89,2026-09-07,DDP-36,
2026-08-31 16:36:00,Bubbakoo's Burritos - Sample Store,Order,A1754BA6DA17F2FBE856,Delivered,39.26,3.48,-9.81,-0.0,0,0,32.93,2026-09-07,DDP-36,
2026-08-31 11:27:00,Bubbakoo's Burritos - Sample Store,Order,E27F8BE89201D55A3BDC,Delivered,31.55,2.8,-7.89,-0.0,0,0,26.46,2026-09-07,DDP-36,
2026-08-31 20:38:00,Bubbakoo's Burritos - Sample Store,Order,1CA505C106E315E3086D,Delivered,53.81,4.78,-13.45,-0.0,0,0,45.14,2026-09-07,DDP-36,
2026-09-01 16:04:00,Bubbakoo's Burritos - Sample Store,Order,E951ACBAA352B6B51BF9,Delivered,31.44,2.79,-7.86,-0.0,0,0,26.37,2026-09-07,DDP-36,
2026-09-01 11:34:00,Bubbakoo's Burritos - Sample Store,Order,B1853DC06FC04D79CA7F,Delivered,11.59,1.03,-2.9,-0.0,0,0,9.72,2026-09-07,DDP-36,
2026-09-01 11:22:00,Bubbakoo's Burritos - Sample Store,Order,01699AF8679B4BBABCFD,Delivered,17.67,1.57,-4.42,-0.0,0,0,14.82,2026-09-07,DDP-36,
2026-09-01 14:54:00,Bubbakoo's Burritos - Sample Store,Order,C628087DE0AADABAE14C,Delivered,42.39,3.76,-10.6,-0.0,0,0,35.55,2026-09-07,DDP-36,
2026-09-01 18:44:00,Bubbakoo's Burritos - Sample Store,Order,190DCC94B35DCF68A0D6,Delivered,31.33,2.78,-7.83,-0.0,0,0,26.28,2026-09-07,DDP-36,
2026-09-01 15:16:00,Bubbakoo's Burritos - Sample Store,Order,9F1F2193050842F57487,Delivered,50.92,4.52,-12.73,-0.0,0,0,42.71,2026-09-07,DDP-36,
2026-09-01 16:35:00,Bubbakoo's Burritos - Sample Store,Order,E87F44B17D662A32D4F5,Cancelled,0.0,0.0,-0.0,-0.0,0,0,0.0,2026-09-07,DDP-36,
2026-09-01 19:51:00,Bubbakoo's Burritos - Sample Store,Order,8A814A7874EFD7649316,Delivered,27.37,2.43,-6.84,-0.0,0,0,22.96,2026-09-07,DDP-36,
2026-09-01 19:54:00,Bubbakoo's Burritos - Sample Store,Order,35C86B7874F806F2F2AE,Delivered,27.11,2.41,-6.78,-0.0,0,0,22.74,2026-09-07,DDP-36,
2026-09-01 17:04:00,Bubbakoo's Burritos - Sample Store,Order,6651B3C461C00CBE463C,Delivered,40.97,3.64,-10.24,-0.0,0,0,34.37,2026-09-07,DDP-36,
2026-09-01 19:04:00,Bubbakoo's Burritos - Sample Store,Error charge,6651B3C461C00CBE463C,,0.0,0.0,0.0,0.0,0,0,-12.62,,,Cold food
2026-09-01 20:54:00,Bubbakoo's Burritos - Sample Store,Order,6685B4B8BDD104D74DB1,Delivered,23.46,2.08,-5.87,-0.0,0,0,19.67,2026-09-07,DDP-36,
2026-09-01 18:53:00,Bubbakoo's Burritos - Sample Store,Order,11A3199DC6CFBFE5EDEE,Delivered,20.96,1.86,-5.24,-0.0,0,0,17.58,2026-09-07,DDP-36,
2026-09-01 13:29:00,Bubbakoo's Burritos - Sample Store,Order,CB95F372D198E3B8D4A8,Delivered,27.6,2.45,-6.9,-0.0,0,0,23.15,2026-09-07,DDP-36,
2026-09-01 19:00:00,Bubbakoo's Burritos - Sample Store,Order,B44678F94475EE533AFF,Delivered,27.67,2.46,-6.92,-0.0,0,0,23.21,2026-09-07,DDP-36,
2026-09-01 19:13:00,Bubbakoo's Burritos - Sample Store,Order,5BA4688147FD7D46CC85,Delivered,11.13,0.99,-2.78,-0.0,0,0,9.34,2026-09-07,DDP-36,
2026-09-01 18:18:00,Bubbakoo's Burritos - Sample Store,Order,5CC8512EE5A2AE93A8C5,Delivered,40.3,3.58,-10.07,-0.0,0,0,33.81,2026-09-07,DDP-36,
2026-09-01 12:27:00,Bubbakoo's Burritos - Sample Store,Order,F14F10CBC8B6BE1F531F,Delivered,49.91,4.43,-12.48,-0.0,0,0,41.86,2026-09-07,DDP-36,
2026-09-01 11:11:00,Bubbakoo's Burritos - Sample Store,Order,4001BD9B4B018C9FA7EC,Delivered,20.86,1.85,-5.21,-0.0,0,0,17.5,2026-09-07,DDP-36,
2026-09-01 14:10:00,Bubbakoo's Burritos - Sample Store,Order,3562EFE92715818DC8EE,Delivered,47.49,4.21,-11.87,-0.0,0,0,39.83,2026-09-07,DDP-36,
2026-09-01 20:21:00,Bubbakoo's Burritos - Sample Store,Order,7E9508CB3286DFAE4C0B,Delivered,48.04,4.26,-12.01,-0.0,0,0,40.29,2026-09-07,DDP-36,
2026-09-01 12:59:00,Bubbakoo's Burritos - Sample Store,Order,D3B9CD983BF2F1086B46,Delivered,37.09,3.29,-9.27,-0.0,0,0,31.11,2026-09-07,DDP-36,
2026-09-01 18:58:00,Bubbakoo's Burritos - Sample Store,Order,7F8870A93F1EFD5B7DCA,Delivered,53.56,4.75,-13.39,-0.0,0,0,44.92,2026-09-07,DDP-36,
2026-09-02 12:02:00,Bubbakoo's Burritos - Sample Store,Order,9E43E933D13D6B96AFC7,Delivered,11.69,1.04,-2.92,-0.0,0,0,9.81,2026-09-07,DDP-36,
2026-09-02 19:18:00,Bubbakoo's Burritos - Sample Store,Order,9330CA45F2E1EECD5E18,Delivered,39.62,3.52,-9.9,-0.0,0,0,33.24,2026-09-07,DDP-36,
2026-09-02 17:11:00,Bubbakoo's Burritos - Sample Store,Order,6AFFBC9ACD45F31AA134,Delivered,55.83,4.95,-13.96,-0.0,0,0,46.82,2026-09-07,DDP-36,
2026-09-02 20:40:00,Bubbakoo's Burritos - Sample Store,Order,F954DD9E9F3163050F85,Delivered,26.69,2.37,-6.67,-0.0,0,0,22.39,2026-09-07,DDP-36,
2026-09-02 13:34:00,Bubbakoo's Burritos - Sample Store,Order,F9F4886C6DB63AED95AC,Delivered,39.25,3.48,-9.81,-0.0,0,0,32.92,2026-09-07,DDP-36,
2026-09-02 18:42:00,Bubbakoo's Burritos - Sample Store,Order,449D27F94356E358524F,Delivered,24.32,2.16,-6.08,-0.0,0,0,20.4,2026-09-07,DDP-36,
2026-09-02 15:55:00,Bubbakoo's Burritos - Sample Store,Order,FE2A7B12DE01282AE3FF,Delivered,50.16,4.45,-12.54,-0.0,0,0,42.07,2026-09-07,DDP-36,
2026-09-02 16:55:00,Bubbakoo's Burritos - Sample Store,Order,CC21A87A7C1964BB8DBD,Delivered,36.12,3.21,-9.03,-0.0,0,0,30.3,2026-09-07,DDP-36,
2026-09-02 16:16:00,Bubbakoo's Burritos - Sample Store,Order,B555B9FA771F672A653F,Delivered,39.52,3.51,-9.88,-0.0,0,0,33.15,2026-09-07,DDP-36,
2026-09-02 17:34:00,Bubbakoo's Burritos - Sample Store,Order,5AE82B36CE7BB22B8941,Delivered,32.61,2.89,-8.15,-0.0,0,0,27.35,2026-09-07,DDP-36,
2026-09-02 19:54:00,Bubbakoo's Burritos - Sample Store,Order,306C3A5A33ADBA6F96DE,Delivered,26.09,2.32,-6.52,-0.0,0,0,21.89,2026-09-07,DDP-36,
2026-09-02 17:11:00,Bubbakoo's Burritos - Sample Store,Order,84685B61C79664706709,Delivered,38.16,3.39,-9.54,-0.0,0,0,32.01,2026-09-07,DDP-36,
2026-09-02 17:23:00,Bubbakoo's Burritos - Sample Store,Order,C98F9BF576A399F8A1FB,Delivered,51.72,4.59,-12.93,-0.0,0,0,43.38,2026-09-07,DDP-36,
2026-09-02 15:47:00,Bubbakoo's Burritos - Sample Store,Order,346388D10898A37E1815,Delivered,35.41,3.14,-8.85,-0.0,0,0,29.7,2026-09-07,DDP-36,
2026-09-02 15:46:00,Bubbakoo's Burritos - Sample Store,Order,97D6B91BC46A6D887265,Delivered,31.02,2.75,-7.75,-0.0,0,0,26.02,2026-09-07,DDP-36,
2026-09-02 16:46:00,Bubbakoo's Burritos - Sample Store,Order,070B80F4156A811060D1,Delivered,20.45,1.81,-5.11,-0.0,0,0,17.15,2026-09-07,DDP-36,
2026-09-02 18:46:00,Bubbakoo's Burritos - Sample Store,Error charge,070B80F4156A811060D1,,0.0,0.0,0.0,0.0,0,0,-7.06,,,Cold food
2026-09-02 17:46:00,Bubbakoo's Burritos - Sample Store,Order,41D7725317076E31F594,Delivered,54.34,4.82,-13.59,-0.0,0,0,45.57,2026-09-07,DDP-36,
2026-09-02 14:07:00,Bubbakoo's Burritos - Sample Store,Order,3C316362F73C9A825EF4,Delivered,32.07,2.85,-8.02,-0.0,0,0,26.9,2026-09-07,DDP-36,
2026-09-03 13:59:00,Bubbakoo's Burritos - Sample Store,Order,A0E1BFBDB52F9A2AAB7E,Delivered,20.68,1.84,-5.17,-0.0,0,0,17.35,2026-09-07,DDP-36,
2026-09-03 19:52:00,Bubbakoo's Burritos - Sample Store,Order,84B9BDA50E2CD8ADEA8F,Delivered,30.18,2.68,-7.54,-0.0,0,0,25.32,2026-09-07,DDP-36,
2026-09-03 12:32:00,Bubbakoo's Burritos - Sample Store,Order,221EC3E37A0365DBC352,Delivered,11.73,1.04,-2.93,-0.0,0,0,9.84,2026-09-07,DDP-36,
2026-09-03 11:37:00,Bubbakoo's Burritos - Sample Store,Order,DBAAAE92984B0AA9932D,Delivered,18.68,1.66,-4.67,-0.0,0,0,15.67,2026-09-07,DDP-36,
2026-09-03 13:03:00,Bubbakoo's Burritos - Sample Store,Order,DD8F90D5D47DD7C2D108,Delivered,27.77,2.46,-6.94,-0.0,0,0,23.29,2026-09-07,DDP-36,
2026-09-03 15:58:00,Bubbakoo's Burritos - Sample Store,Order,7249D1497EAB71D1BB1F,Delivered,52.02,4.62,-13.01,-0.0,0,0,43.63,2026-09-07,DDP-36,
2026-09-03 17:58:00,Bubbakoo's Burritos - Sample Store,Error charge,7249D1497EAB71D1BB1F,,0.0,0.0,0.0,0.0,0,0,-25.89,,,Incorrect item
2026-09-03 14:49:00,Bubbakoo's Burritos - Sample Store,Order,401E05484FD986321A48,Delivered,40.1,3.56,-10.03,-0.0,0,0,33.63,2026-09-07,DDP-36,
2026-09-03 14:19:00,Bubbakoo's Burritos - Sample Store,Order,93945BEDA307C31E9972,Delivered,23.29,2.07,-5.82,-0.0,0,0,19.54,2026-09-07,DDP-36,
2026-09-03 16:59:00,Bubbakoo's Burritos - Sample Store,Order,45E42F4D0B904D542DD1,Delivered,51.87,4.6,-12.97,-0.0,0,0,43.5,2026-09-07,DDP-36,
2026-09-03 12:52:00,Bubbakoo's Burritos - Sample Store,Order,8AA62560230F757DE26A,Delivered,16.74,1.49,-4.18,-0.0,0,0,14.05,2026-09-07,DDP-36,
2026-09-03 17:46:00,Bubbakoo's Burritos - Sample Store,Order,A28ECD3FF0054E4204BC,Delivered,18.72,1.66,-4.68,-0.0,0,0,15.7,2026-09-07,DDP-36,
2026-09-03 17:45:00,Bubbakoo's Burritos - Sample Store,Order,56AB1E515CFE42A6C6E3,Delivered,56.61,5.02,-14.15,-0.0,0,0,47.48,2026-09-07,DDP-36,
2026-09-03 15:15:00,Bubbakoo's Burritos - Sample Store,Order,5D4B69E002F53C3BA1F7,Delivered,51.91,4.61,-12.98,-0.0,0,0,43.54,2026-09-07,DDP-36,
2026-09-03 14:25:00,Bubbakoo's Burritos - Sample Store,Order,6BB4D3FD23B0284539B8,Delivered,34.72,3.08,-8.68,-0.0,0,0,29.12,2026-09-07,DDP-36,
2026-09-03 11:41:00,Bubbakoo's Burritos - Sample Store,Order,EAFD6A994409A2329EF5,Delivered,12.62,1.12,-3.15,-0.0,0,0,10.59,2026-09-07,DDP-36,
2026-09-03 12:42:00,Bubbakoo's Burritos - Sample Store,Order,3C953F5D6F066429037F,Delivered,22.78,2.02,-5.7,-0.0,0,0,19.1,2026-09-07,DDP-36,
2026-09-03 13:03:00,Bubbakoo's Burritos - Sample Store,Order,83870307EBCA6CA9F4C1,Delivered,13.84,1.23,-3.46,-0.0,0,0,11.61,2026-09-07,DDP-36,
2026-09-03 18:30:00,Bubbakoo's Burritos - Sample Store,Order,EA63FC954B29558FE29B,Delivered,16.82,1.49,-4.21,-0.0,0,0,14.1,2026-09-07,DDP-36,
2026-09-03 20:19:00,Bubbakoo's Burritos - Sample Store,Order,91F7442CB1E0AE359C25,Delivered,24.5,2.17,-6.12,-0.0,0,0,20.55,2026-09-07,DDP-36,
2026-09-03 18:51:00,Bubbakoo's Burritos - Sample Store,Order,780E21047A54C2E39CE0,Delivered,52.92,4.7,-13.23,-0.0,0,0,44.39,2026-09-07,DDP-36,
2026-09-03 20:51:00,Bubbakoo's Burritos - Sample Store,Error charge,780E21047A54C2E39CE0,,0.0,0.0,0.0,0.0,0,0,-13.26,,,Incorrect item
2026-09-03 20:59:00,Bubbakoo's Burritos - Sample Store,Order,DCA332DF298C21BA5A47,Delivered,29.63,2.63,-7.41,-0.0,0,0,24.85,2026-09-07,DDP-36,
2026-09-04 13:59:00,Bubbakoo's Burritos - Sample Store,Order,DF02EAC34419CA8E9128,Delivered,34.4,3.05,-8.6,-0.0,0,0,28.85,2026-09-07,DDP-36,
2026-09-04 18:00:00,Bubbakoo's Burritos - Sample Store,Order,C26E527084B76CBD2822,Delivered,39.28,3.49,-9.82,-0.0,0,0,32.95,2026-09-07,DDP-36,
2026-09-04 19:55:00,Bubbakoo's Burritos - Sample Store,Order,CE7D57936E3D32789CED,Delivered,34.05,3.02,-8.51,-0.0,0,0,28.56,2026-09-07,DDP-36,
2026-09-04 13:27:00,Bubbakoo's Burritos - Sample Store,Order,086B81522B5EC1CE4683,Delivered,44.63,3.96,-11.16,-0.0,0,0,37.43,2026-09-07,DDP-36,
2026-09-04 16:57:00,Bubbakoo's Burritos - Sample Store,Order,0DFF6F5D05011ECE62BA,Delivered,20.01,1.78,-5.0,-0.0,0,0,16.79,2026-09-07,DDP-36,
2026-09-04 18:30:00,Bubbakoo's Burritos - Sample Store,Order,0B42312F390FF0F43FD4,Delivered,13.57,1.2,-3.39,-0.0,0,0,11.38,2026-09-07,DDP-36,
2026-09-04 11:06:00,Bubbakoo's Burritos - Sample Store,Order,6B1AB7B44DBDBF127497,Delivered,53.25,4.73,-13.31,-0.0,0,0,44.67,2026-09-07,DDP-36,
2026-09-04 15:08:00,Bubbakoo's Burritos - Sample Store,Order,38AD8F8F95B6C70FB7ED,Delivered,42.83,3.8,-10.71,-0.0,0,0,35.92,2026-09-07,DDP-36,
2026-09-04 11:22:00,Bubbakoo's Burritos - Sample Store,Order,2B8028C42C685F561664,Delivered,48.26,4.28,-12.06,-0.0,0,0,40.48,2026-09-07,DDP-36,
2026-09-04 17:45:00,Bubbakoo's Burritos - Sample Store,Order,DF19A22888A3DF2055C3,Delivered,37.39,3.32,-9.35,-0.0,0,0,31.36,2026-09-07,DDP-36,
2026-09-04 18:12:00,Bubbakoo's Burritos - Sample Store,Order,632A42B93EB420DB8DC8,Delivered,49.81,4.42,-12.45,-0.0,0,0,41.78,2026-09-07,DDP-36,
2026-09-04 11:35:00,Bubbakoo's Burritos - Sample Store,Order,27E8A103CE0C07015767,Delivered,24.12,2.14,-6.03,-0.0,0,0,20.23,2026-09-07,DDP-36,
2026-09-04 20:17:00,Bubbakoo's Burritos - Sample Store,Order,7790C627717CAD818E12,Delivered,50.25,4.46,-12.56,-0.0,0,0,42.15,2026-09-07,DDP-36,
2026-09-04 17:25:00,Bubbakoo's Burritos - Sample Store,Order,F370BDBC4C18D04F3543,Delivered,40.58,3.6,-10.14,-0.0,0,0,34.04,2026-09-07,DDP-36,
2026-09-04 13:14:00,Bubbakoo's Burritos - Sample Store,Order,E64D52A09890625142C1,Delivered,55.28,4.91,-13.82,-0.0,0,0,46.37,2026-09-07,DDP-36,
2026-09-04 17:53:00,Bubbakoo's Burritos - Sample Store,Order,C02CBB7CDF54FA502021,Delivered,39.59,3.51,-9.9,-0.0,0,0,33.2,2026-09-07,DDP-36,
2026-09-04 17:34:00,Bubbakoo's Burritos - Sample Store,Order,4F8FDD8425234BB09153,Delivered,12.35,1.1,-3.09,-0.0,0,0,10.36,2026-09-07,DDP-36,
2026-09-04 14:57:00,Bubbakoo's Burritos - Sample Store,Order,116DBE5B1BE4E39EE42D,Delivered,26.09,2.32,-6.52,-0.0,0,0,21.89,2026-09-07,DDP-36,
2026-09-04 14:17:00,Bubbakoo's Burritos - Sample Store,Order,49DF9B0739F6FA2D1683,Delivered,14.1,1.25,-3.52,-0.0,0,0,11.83,2026-09-07,DDP-36,
2026-09-04 17:53:00,Bubbakoo's Burritos - Sample Store,Order,E1FC4C5CA0C6E70EC666,Delivered,50.69,4.5,-12.67,-0.0,0,0,42.52,2026-09-07,DDP-36,
2026-09-04 16:59:00,Bubbakoo's Burritos - Sample Store,Order,B301F4F0B42B57DEA8B8,Delivered,53.16,4.72,-13.29,-0.0,0,0,44.59,2026-09-07,DDP-36,
2026-09-05 12:55:00,Bubbakoo's Burritos - Sample Store,Order,5CEBFC5791B626D377FA,Delivered,18.58,1.65,-4.64,-0.0,0,0,15.59,2026-09-07,DDP-36,
2026-09-05 18:59:00,Bubbakoo's Burritos - Sample Store,Order,BF4E72CB157F2CC47C4B,Delivered,57.63,5.11,-14.41,-0.0,0,0,48.33,2026-09-07,DDP-36,
2026-09-05 19:20:00,Bubbakoo's Burritos - Sample Store,Order,8B06C17BC8AC1BA73097,Delivered,55.97,4.97,-13.99,-0.0,0,0,46.95,2026-09-07,DDP-36,
2026-09-05 21:20:00,Bubbakoo's Burritos - Sample Store,Error charge,8B06C17BC8AC1BA73097,,0.0,0.0,0.0,0.0,0,0,-31.2,,,Order never arrived
2026-09-05 15:11:00,Bubbakoo's Burritos - Sample Store,Order,C6419ADB06799AC30715,Delivered,14.67,1.3,-3.67,-0.0,0,0,12.3,2026-09-07,DDP-36,
2026-09-05 19:58:00,Bubbakoo's Burritos - Sample Store,Order,1A2846FF2B2023B5AE9C,Delivered,50.75,4.5,-12.69,-0.0,0,0,42.56,2026-09-07,DDP-36,
2026-09-05 17:04:00,Bubbakoo's Burritos - Sample Store,Order,EB7249B28D17219C22E7,Delivered,26.05,2.31,-6.51,-0.0,0,0,21.85,2026-09-07,DDP-36,
2026-09-05 11:42:00,Bubbakoo's Burritos - Sample Store,Order,D1DA1B4FEBCBBC51A0D2,Delivered,16.04,1.42,-4.01,-0.0,0,0,13.45,2026-09-07,DDP-36,
2026-09-05 18:13:00,Bubbakoo's Burritos - Sample Store,Order,9A45A3C64CB0C399FEE1,Delivered,34.48,3.06,-8.62,-0.0,0,0,28.92,2026-09-07,DDP-36,
2026-09-05 13:47:00,Bubbakoo's Burritos - Sample Store,Order,16F4089066C13550F845,Delivered,17.5,1.55,-4.38,-0.0,0,0,14.67,2026-09-07,DDP-36,
2026-09-05 17:21:00,Bubbakoo's Burritos - Sample Store,Order,D562BF11DAF6C3429C59,Delivered,11.13,0.99,-2.78,-0.0,0,0,9.34,2026-09-07,DDP-36,
2026-09-05 19:46:00,Bubbakoo's Burritos - Sample Store,Order,704E3636100E44D756B2,Delivered,44.41,3.94,-11.1,-0.0,0,0,37.25,2026-09-07,DDP-36,
2026-09-05 17:27:00,Bubbakoo's Burritos - Sample Store,Order,ACDDEFA490393D58CDDD,Delivered,24.9,2.21,-6.22,-0.0,0,0,20.89,2026-09-07,DDP-36,
2026-09-05 19:49:00,Bubbakoo's Burritos - Sample Store,Order,A02F6772E8A0FE7188E1,Delivered,32.64,2.9,-8.16,-0.0,0,0,27.38,2026-09-07,DDP-36,
2026-09-05 12:01:00,Bubbakoo's Burritos - Sample Store,Order,4C0ABA50A88F44FA9BF1,Delivered,44.97,3.99,-11.24,-0.0,0,0,37.72,2026-09-07,DDP-36,
2026-09-05 13:20:00,Bubbakoo's Burritos - Sample Store,Order,A23D3955E2962EE087C8,Delivered,25.07,2.22,-6.27,-0.0,0,0,21.02,2026-09-07,DDP-36,
2026-09-05 12:27:00,Bubbakoo's Burritos - Sample Store,Order,94AD393D8E0C6F2D5F3C,Delivered,17.91,1.59,-4.48,-0.0,0,0,15.02,2026-09-07,DDP-36,
2026-09-05 17:45:00,Bubbakoo's Burritos - Sample Store,Order,E3D69B01F7F19A782E35,Delivered,23.27,2.07,-5.82,-0.0,0,0,19.52,2026-09-07,DDP-36,
2026-09-05 12:37:00,Bubbakoo's Burritos - Sample Store,Order,7D4145EDB587728C4065,Delivered,19.81,1.76,-4.95,-0.0,0,0,16.62,2026-09-07,DDP-36,
2026-09-05 19:45:00,Bubbakoo's Burritos - Sample Store,Order,68746928D9FE527D1489,Delivered,53.73,4.77,-13.43,-0.0,0,0,45.07,2026-09-07,DDP-36,
2026-09-05 19:47:00,Bubbakoo's Burritos - Sample Store,Order,8B573A366457ABABAF9B,Delivered,15.8,1.4,-3.95,-0.0,0,0,13.25,2026-09-07,DDP-36,
2026-09-05 12:35:00,Bubbakoo's Burritos - Sample Store,Order,6783E84F0EBBE4E89E68,Delivered,17.43,1.55,-4.36,-0.0,0,0,14.62,2026-09-07,DDP-36,
2026-09-05 11:42:00,Bubbakoo's Burritos - Sample Store,Order,75AF45A8368FEE32F4A4,Delivered,11.71,1.04,-2.93,-0.0,0,0,9.82,2026-09-07,DDP-36,
2026-09-05 14:26:00,Bubbakoo's Burritos - Sample Store,Order,5ACB1925DEEB1395BA6C,Delivered,37.46,3.32,-9.37,-0.0,0,0,31.41,2026-09-07,DDP-36,
2026-09-05 15:21:00,Bubbakoo's Burritos - Sample Store,Order,865350BFBCBC5FCC835F,Delivered,16.77,1.49,-4.19,-0.0,0,0,14.07,2026-09-07,DDP-36,
2026-09-05 12:42:00,Bubbakoo's Burritos - Sample Store,Order,1CEB8F729A619E47CD92,Delivered,27.72,2.46,-6.93,-0.0,0,0,23.25,2026-09-07,DDP-36,
2026-09-06 20:09:00,Bubbakoo's Burritos - Sample Store,Order,EC425FCE52A95476A3CF,Delivered,41.2,3.66,-10.3,-0.0,0,0,34.56,2026-09-07,DDP-36,
2026-09-06 19:17:00,Bubbakoo's Burritos - Sample Store,Order,2CAC590156786908CCE5,Delivered,30.05,2.67,-7.51,-0.0,0,0,25.21,2026-09-07,DDP-36,
2026-09-06 16:42:00,Bubbakoo's Burritos - Sample Store,Order,41CBE3FD6649647B990C,Delivered,47.47,4.21,-11.87,-0.0,0,0,39.81,2026-09-07,DDP-36,
2026-09-06 20:37:00,Bubbakoo's Burritos - Sample Store,Order,9D2CFAC66A4649130E57,Delivered,41.74,3.7,-10.44,-0.0,0,0,35.0,2026-09-07,DDP-36,
2026-09-06 13:26:00,Bubbakoo's Burritos - Sample Store,Order,D0636FD85B9BB6B71701,Delivered,35.89,3.19,-8.97,-0.0,0,0,30.11,2026-09-07,DDP-36,
2026-09-06 20:48:00,Bubbakoo's Burritos - Sample Store,Order,D03E86E5420134F79E61,Delivered,26.55,2.36,-6.64,-0.0,0,0,22.27,2026-09-07,DDP-36,
2026-09-06 20:22:00,Bubbakoo's Burritos - Sample Store,Order,5C81C108473C3ADC8F2E,Delivered,56.94,5.05,-14.23,-0.0,0,0,47.76,2026-09-07,DDP-36,
2026-09-06 11:09:00,Bubbakoo's Burritos - Sample Store,Order,C62F9AB0CF278C96A7C5,Delivered,37.23,3.3,-9.31,-0.0,0,0,31.22,2026-09-07,DDP-36,
2026-09-06 12:32:00,Bubbakoo's Burritos - Sample Store,Order,0F670ECA1F49F7D22257,Delivered,55.04,4.88,-13.76,-0.0,0,0,46.16,2026-09-07,DDP-36,
2026-09-06 15:25:00,Bubbakoo's Burritos - Sample Store,Order,E721AB0126398809BCD3,Delivered,55.17,4.9,-13.79,-0.0,0,0,46.28,2026-09-07,DDP-36,
2026-09-06 20:01:00,Bubbakoo's Burritos - Sample Store,Order,7109E1CD3E1A14F2B5AA,Delivered,12.37,1.1,-3.09,-0.0,0,0,10.38,2026-09-07,DDP-36,
2026-09-06 18:51:00,Bubbakoo's Burritos - Sample Store,Order,1B990F6E06C6E47DE74B,Delivered,18.77,1.86,-5.24,-0.0,0,0,15.39,2026-09-07,DDP-36,
2026-09-06 12:01:00,Bubbakoo's Burritos - Sample Store,Order,EB4C14E3E832810468F1,Delivered,21.72,1.93,-5.43,-0.0,0,0,18.22,2026-09-07,DDP-36,
2026-09-06 11:31:00,Bubbakoo's Burritos - Sample Store,Order,3DE884526F0D27D1B592,Delivered,22.84,2.03,-5.71,-0.0,0,0,19.16,2026-09-07,DDP-36,
2026-09-06 15:45:00,Bubbakoo's Burritos - Sample Store,Order,FB3969AD3773B4D87FA4,Delivered,25.03,2.22,-6.26,-0.0,0,0,20.99,2026-09-07,DDP-36,
2026-09-06 13:19:00,Bubbakoo's Burritos - Sample Store,Order,0101B02954DF086716A3,Delivered,49.67,4.41,-12.42,-0.0,0,0,41.66,2026-09-07,DDP-36,
2026-09-06 18:43:00,Bubbakoo's Burritos - Sample Store,Order,35B6A52AC83C86B7E202,Delivered,20.97,1.86,-5.24,-0.0,0,0,17.59,2026-09-07,DDP-36,
2026-09-06 18:29:00,Bubbakoo's Burritos - Sample Store,Order,EFAAB9B7FEACBA9323C9,Delivered,19.57,1.74,-4.89,-0.0,0,0,16.42,2026-09-07,DDP-36,
2026-09-06 11:09:00,Bubbakoo's Burritos - Sample Store,Order,BC6B8B4680AC55DA269A,Delivered,17.27,1.53,-4.32,-0.0,0,0,14.48,2026-09-07,DDP-36,
2026-09-06 12:32:00,Bubbakoo's Burritos - Sample Store,Order,B76325E2AA54729CEB23,Delivered,30.47,2.7,-7.62,-0.0,0,0,25.55,2026-09-07,DDP-36,
2026-09-06 20:59:00,Bubbakoo's Burritos - Sample Store,Order,03EE5C50B08054DBA099,Delivered,22.03,1.96,-5.51,-0.0,0,0,18.48,2026-09-07,DDP-36,
2026-09-06 12:47:00,Bubbakoo's Burritos - Sample Store,Order,51058367E4DDAC07FDA3,Delivered,45.24,4.02,-11.31,-0.0,0,0,37.95,2026-09-07,DDP-36,
2026-09-07 11:18:00,Bubbakoo's Burritos - Sample Store,Order,0EC7B2E342798C98920F,Delivered,37.14,3.3,-9.29,-0.0,0,0,31.15,2026-09-14,DDP-37,
2026-09-07 16:31:00,Bubbakoo's Burritos - Sample Store,Order,1761517370253691D58A,Delivered,23.01,2.04,-5.75,-0.0,0,0,19.3,2026-09-14,DDP-37,
2026-09-07 13:11:00,Bubbakoo's Burritos - Sample Store,Order,C7F3440C9E2C2B594A5B,Delivered,30.89,2.74,-7.72,-0.0,0,0,25.91,2026-09-14,DDP-37,
2026-09-07 17:15:00,Bubbakoo's Burritos - Sample Store,Order,686DB9FEF843BAB84B95,Delivered,12.96,1.15,-3.24,-0.0,0,0,10.87,2026-09-14,DDP-37,
2026-09-07 15:04:00,Bubbakoo's Burritos - Sample Store,Order,9E59AADDECC0CFDE2125,Delivered,29.11,2.58,-7.28,-0.0,0,0,24.41,2026-09-14,DDP-37,
2026-09-07 12:04:00,Bubbakoo's Burritos - Sample Store,Order,1476E333121EA0E4DC34,Delivered,42.28,3.75,-10.57,-0.0,0,0,35.46,2026-09-14,DDP-37,
2026-09-07 11:26:00,Bubbakoo's Burritos - Sample Store,Order,76514EABEF6002FB7669,Delivered,16.07,1.43,-4.02,-0.0,0,0,13.48,2026-09-14,DDP-37,
2026-09-07 18:30:00,Bubbakoo's Burritos - Sample Store,Order,D31D977DC0B780F38304,Delivered,29.69,2.63,-7.42,-0.0,0,0,24.9,2026-09-14,DDP-37,
2026-09-07 20:14:00,Bubbakoo's Burritos - Sample Store,Order,5484D1F68DC91C124B42,Delivered,12.91,1.15,-3.23,-0.0,0,0,10.83,2026-09-14,DDP-37,
2026-09-07 12:18:00,Bubbakoo's Burritos - Sample Store,Order,169791627F37A9B31A09,Delivered,37.84,3.36,-9.46,-0.0,0,0,31.74,2026-09-14,DDP-37,
2026-09-07 16:43:00,Bubbakoo's Burritos - Sample Store,Order,BF7840C0B0E659A58CE5,Delivered,33.69,2.99,-8.42,-0.0,0,0,28.26,2026-09-14,DDP-37,
2026-09-07 11:51:00,Bubbakoo's Burritos - Sample Store,Order,30B44021559709AE520B,Delivered,51.98,4.61,-12.99,-0.0,0,0,43.6,2026-09-14,DDP-37,
2026-09-07 19:52:00,Bubbakoo's Burritos - Sample Store,Order,A9F8EF9141493F1B623B,Delivered,23.33,2.07,-5.83,-0.0,0,0,19.57,2026-09-14,DDP-37,
2026-09-07 11:52:00,Bubbakoo's Burritos - Sample Store,Order,CD4E0A7D6156840FDDE4,Delivered,25.42,2.26,-6.36,-0.0,0,0,21.32,2026-09-14,DDP-37,
2026-09-07 13:14:00,Bubbakoo's Burritos - Sample Store,Order,EEB518985FB1D2E2A6FA,Delivered,13.45,1.19,-3.36,-0.0,0,0,11.28,2026-09-14,DDP-37,
2026-09-07 17:14:00,Bubbakoo's Burritos - Sample Store,Order,EB5C670F74D8A2303344,Delivered,54.73,4.86,-13.68,-0.0,0,0,45.91,2026-09-14,DDP-37,
2026-09-07 20:05:00,Bubbakoo's Burritos - Sample Store,Order,52D46EEFD2C97906909F,Delivered,14.18,1.26,-3.54,-0.0,0,0,11.9,2026-09-14,DDP-37,
2026-09-07 14:25:00,Bubbakoo's Burritos - Sample Store,Order,9C5890BE979359A0F920,Delivered,44.4,3.94,-11.1,-0.0,0,0,37.24,2026-09-14,DDP-37,
2026-09-07 14:28:00,Bubbakoo's Burritos - Sample Store,Order,1FDCD58DA3A76E4EDBAE,Delivered,13.71,1.22,-3.43,-0.0,0,0,11.5,2026-09-14,DDP-37,
2026-09-07 14:04:00,Bubbakoo's Burritos - Sample Store,Order,CCFA8B19BCB91FA18FA1,Delivered,11.67,1.04,-2.92,-0.0,0,0,9.79,2026-09-14,DDP-37,
2026-09-07 14:36:00,Bubbakoo's Burritos - Sample Store,Order,EAF8BF48C70D3BB72551,Delivered,36.12,3.21,-9.03,-0.0,0,0,30.3,2026-09-14,DDP-37,
2026-09-07 12:33:00,Bubbakoo's Burritos - Sample Store,Order,D5645201A8AC60D23948,Delivered,55.69,4.94,-13.92,-0.0,0,0,46.71,2026-09-14,DDP-37,
2026-09-08 12:26:00,Bubbakoo's Burritos - Sample Store,Order,2ECC39E9EBBC8D799784,Delivered,49.1,4.36,-12.28,-0.0,0,0,41.18,2026-09-14,DDP-37,
2026-09-08 11:33:00,Bubbakoo's Burritos - Sample Store,Order,82EB0DDABBD75A7A25E7,Delivered,15.14,1.34,-3.79,-0.0,0,0,12.69,2026-09-14,DDP-37,
2026-09-08 14:28:00,Bubbakoo's Burritos - Sample Store,Order,B566AA3354C06181AFA0,Delivered,20.32,1.8,-5.08,-0.0,0,0,17.04,2026-09-14,DDP-37,
2026-09-08 11:38:00,Bubbakoo's Burritos - Sample Store,Order,11AC793FE878FEB5547A,Delivered,34.37,3.05,-8.59,-0.0,0,0,28.83,2026-09-14,DDP-37,
2026-09-08 17:14:00,Bubbakoo's Burritos - Sample Store,Order,F8AA927CB7AA6E05A6A4,Delivered,47.97,4.26,-11.99,-0.0,0,0,40.24,2026-09-14,DDP-37,
2026-09-08 19:28:00,Bubbakoo's Burritos - Sample Store,Order,4D8F36CAEFE7EE86B194,Delivered,17.34,1.54,-4.33,-0.0,0,0,14.55,2026-09-14,DDP-37,
2026-09-08 18:25:00,Bubbakoo's Burritos - Sample Store,Order,DEEE53A3F0078B7AC8D0,Delivered,29.13,2.59,-7.28,-0.0,0,0,24.44,2026-09-14,DDP-37,
2026-09-08 12:09:00,Bubbakoo's Burritos - Sample Store,Order,C02EDF6040835C74CD62,Delivered,56.52,5.02,-14.13,-0.0,0,0,47.41,2026-09-14,DDP-37,
2026-09-08 19:24:00,Bubbakoo's Burritos - Sample Store,Order,B5DC8F9BE3B89F05AF71,Delivered,38.03,3.38,-9.51,-0.0,0,0,31.9,2026-09-14,DDP-37,
2026-09-08 17:28:00,Bubbakoo's Burritos - Sample Store,Order,AC03E0E3A708ACE73A74,Delivered,30.09,2.67,-7.52,-0.0,0,0,25.24,2026-09-14,DDP-37,
2026-09-08 16:12:00,Bubbakoo's Burritos - Sample Store,Order,F3742B88042FBF479A94,Delivered,11.21,0.99,-2.8,-0.0,0,0,9.4,2026-09-14,DDP-37,
2026-09-08 16:06:00,Bubbakoo's Burritos - Sample Store,Order,1545FF3D36B2392A8B9F,Delivered,32.5,2.88,-8.12,-0.0,0,0,27.26,2026-09-14,DDP-37,
2026-09-08 15:59:00,Bubbakoo's Burritos - Sample Store,Order,B38050B92FF228344560,Delivered,26.78,2.38,-6.7,-0.0,0,0,22.46,2026-09-14,DDP-37,
2026-09-08 13:03:00,Bubbakoo's Burritos - Sample Store,Order,D2ABF161602A65A40AA1,Delivered,21.17,1.88,-5.29,-0.0,0,0,17.76,2026-09-14,DDP-37,
2026-09-08 17:11:00,Bubbakoo's Burritos - Sample Store,Order,9C38CB57D0DBAAD5E3CD,Delivered,18.87,1.67,-4.72,-0.0,0,0,15.82,2026-09-14,DDP-37,
2026-09-08 13:46:00,Bubbakoo's Burritos - Sample Store,Order,2CE38517DA7E72340017,Delivered,29.37,2.61,-7.34,-0.0,0,0,24.64,2026-09-14,DDP-37,
2026-09-08 17:00:00,Bubbakoo's Burritos - Sample Store,Order,DCBC9574BC0CE1B98D7C,Delivered,42.78,3.8,-10.7,-0.0,0,0,35.88,2026-09-14,DDP-37,
2026-09-08 18:06:00,Bubbakoo's Burritos - Sample Store,Order,442F246871B058B154C5,Delivered,14.57,1.29,-3.64,-0.0,0,0,12.22,2026-09-14,DDP-37,
2026-09-08 19:54:00,Bubbakoo's Burritos - Sample Store,Order,7F8491C4A793E3B3E83D,Delivered,49.01,4.35,-12.25,-0.0,0,0,41.11,2026-09-14,DDP-37,
2026-09-08 13:01:00,Bubbakoo's Burritos - Sample Store,Order,83323746C04660A84FA7,Delivered,37.2,3.3,-9.3,-0.0,0,0,31.2,2026-09-14,DDP-37,
2026-09-08 16:33:00,Bubbakoo's Burritos - Sample Store,Order,E433C3F3EFC25E9FF3F6,Delivered,33.68,2.99,-8.42,-0.0,0,0,28.25,2026-09-14,DDP-37,
2026-09-08 17:41:00,Bubbakoo's Burritos - Sample Store,Order,47E73205FB6DFB25A439,Delivered,19.16,1.7,-4.79,-0.0,0,0,16.07,2026-09-14,DDP-37,
2026-09-08 20:21:00,Bubbakoo's Burritos - Sample Store,Order,F3348405CE0E2A761595,Delivered,56.97,5.06,-14.24,-0.0,0,0,47.79,2026-09-14,DDP-37,
2026-09-09 15:49:00,Bubbakoo's Burritos - Sample Store,Order,842649FEE5BCE1F1BC6A,Delivered,46.7,4.14,-11.68,-0.0,0,0,39.16,2026-09-14,DDP-37,
2026-09-09 15:31:00,Bubbakoo's Burritos - Sample Store,Order,F91778A2D6869095B383,Delivered,20.46,1.82,-5.12,-0.0,0,0,17.16,2026-09-14,DDP-37,
2026-09-09 12:04:00,Bubbakoo's Burritos - Sample Store,Order,DD126C13D5E0E3D30354,Delivered,27.63,2.45,-6.91,-0.0,0,0,23.17,2026-09-14,DDP-37,
2026-09-09 20:38:00,Bubbakoo's Burritos - Sample Store,Order,1AF255914E4578B55AC4,Delivered,40.71,3.61,-10.18,-0.0,0,0,34.14,2026-09-14,DDP-37,
2026-09-09 11:30:00,Bubbakoo's Burritos - Sample Store,Order,57CAC47B1A2698CCC5D0,Delivered,48.81,4.33,-12.2,-0.0,0,0,40.94,2026-09-14,DDP-37,
2026-09-09 19:17:00,Bubbakoo's Burritos - Sample Store,Order,518ADDB8CB74B998566F,Delivered,57.56,5.11,-14.39,-0.0,0,0,48.28,2026-09-14,DDP-37,
2026-09-09 20:00:00,Bubbakoo's Burritos - Sample Store,Order,5A93B16F3593F8BB638F,Delivered,37.48,3.33,-9.37,-0.0,0,0,31.44,2026-09-14,DDP-37,
2026-09-09 15:44:00,Bubbakoo's Burritos - Sample Store,Order,C6400F246FCEAD7684DC,Delivered,55.43,4.92,-13.86,-0.0,0,0,46.49,2026-09-14,DDP-37,
2026-09-09 13:17:00,Bubbakoo's Burritos - Sample Store,Order,95D947F7BA5688BB36CA,Delivered,17.5,1.55,-4.38,-0.0,0,0,14.67,2026-09-14,DDP-37,
2026-09-09 18:54:00,Bubbakoo's Burritos - Sample Store,Order,88C035D392A54E7DE396,Delivered,47.68,4.23,-11.92,-0.0,0,0,39.99,2026-09-14,DDP-37,
2026-09-09 19:16:00,Bubbakoo's Burritos - Sample Store,Order,3E504A0B01E0D10034AA,Delivered,47.14,4.18,-11.79,-0.0,0,0,39.53,2026-09-14,DDP-37,
2026-09-09 12:40:00,Bubbakoo's Burritos - Sample Store,Order,70A64184332CFD14F1DF,Delivered,38.79,3.44,-9.7,-0.0,0,0,32.53,2026-09-14,DDP-37,
2026-09-09 12:09:00,Bubbakoo's Burritos - Sample Store,Order,787D1653DC9851AE0DC3,Delivered,37.8,3.35,-9.45,-0.0,0,0,31.7,2026-09-14,DDP-37,
2026-09-09 19:00:00,Bubbakoo's Burritos - Sample Store,Order,1E4EE42C244B6EA89B1B,Delivered,43.53,3.86,-10.88,-0.0,0,0,36.51,2026-09-14,DDP-37,
2026-09-09 14:54:00,Bubbakoo's Burritos - Sample Store,Order,D2E60FCFBEC726C8C9BD,Delivered,11.23,1.0,-2.81,-0.0,0,0,9.42,2026-09-14,DDP-37,
2026-09-09 15:08:00,Bubbakoo's Burritos - Sample Store,Order,003DF689CD7F1172333B,Delivered,15.41,1.37,-3.85,-0.0,0,0,12.93,2026-09-14,DDP-37,
2026-09-09 11:45:00,Bubbakoo's Burritos - Sample Store,Order,69EACCC5EB55E7DA93FB,Cancelled,0.0,0.0,-0.0,-1.96,0,0,-1.96,2026-09-14,DDP-37,
2026-09-09 14:11:00,Bubbakoo's Burritos - Sample Store,Order,831AB8949DABAF3929AE,Delivered,17.73,1.57,-4.43,-0.0,0,0,14.87,2026-09-14,DDP-37,
2026-09-09 11:02:00,Bubbakoo's Burritos - Sample Store,Order,D2442B19A5F40D9C8E4F,Delivered,14.39,1.28,-3.6,-0.0,0,0,12.07,2026-09-14,DDP-37,
2026-09-09 11:55:00,Bubbakoo's Burritos - Sample Store,Order,659F181475034BA24A7C,Delivered,42.09,3.74,-10.52,-0.0,0,0,35.31,2026-09-14,DDP-37,
2026-09-10 12:06:00,Bubbakoo's Burritos - Sample Store,Order,214C413CEE44ADB2DA40,Delivered,24.91,2.21,-6.23,-0.0,0,0,20.89,2026-09-14,DDP-37,
2026-09-10 17:18:00,Bubbakoo's Burritos - Sample Store,Order,2A8E15715DC141E45ED7,Delivered,48.04,4.26,-12.01,-0.0,0,0,40.29,2026-09-14,DDP-37,
2026-09-10 15:52:00,Bubbakoo's Burritos - Sample Store,Order,3956D9C507B3F86EC3C9,Delivered,46.76,4.15,-11.69,-0.0,0,0,39.22,2026-09-14,DDP-37,
2026-09-10 15:06:00,Bubbakoo's Burritos - Sample Store,Order,01EE1932DEA20F42434E,Delivered,41.15,3.65,-10.29,-0.0,0,0,34.51,2026-09-14,DDP-37,
2026-09-10 15:00:00,Bubbakoo's Burritos - Sample Store,Order,1DA7F5757CC811927037,Delivered,24.25,2.15,-6.06,-0.0,0,0,20.34,2026-09-14,DDP-37,
2026-09-10 17:54:00,Bubbakoo's Burritos - Sample Store,Order,E8EBB3482C7F47BBEC4F,Delivered,16.54,1.47,-4.13,-0.0,0,0,13.88,2026-09-14,DDP-37,
2026-09-10 12:09:00,Bubbakoo's Burritos - Sample Store,Order,EFC440973D34589F781B,Delivered,23.51,2.09,-5.88,-0.0,0,0,19.72,2026-09-14,DDP-37,
2026-09-10 19:15:00,Bubbakoo's Burritos - Sample Store,Order,FFF95BDBDEC679E39C73,Delivered,45.98,4.08,-11.49,-0.0,0,0,38.57,2026-09-14,DDP-37,
2026-09-10 15:05:00,Bubbakoo's Burritos - Sample Store,Order,365ED46050F73707DD5A,Delivered,35.51,3.15,-8.88,-0.0,0,0,29.78,2026-09-14,DDP-37,
2026-09-10 13:14:00,Bubbakoo's Burritos - Sample Store,Order,191207B8515C9AC2A189,Delivered,14.5,1.29,-3.62,-0.0,0,0,12.17,2026-09-14,DDP-37,
2026-09-10 13:02:00,Bubbakoo's Burritos - Sample Store,Order,2E12B23B41DFC3A67B48,Delivered,44.06,3.91,-11.02,-0.0,0,0,36.95,2026-09-14,DDP-37,
2026-09-10 15:02:00,Bubbakoo's Burritos - Sample Store,Error charge,2E12B23B41DFC3A67B48,,0.0,0.0,0.0,0.0,0,0,-18.65,,,Missing item
2026-09-10 20:10:00,Bubbakoo's Burritos - Sample Store,Order,9ADC976AAA197F037FBE,Delivered,41.48,3.68,-10.37,-0.0,0,0,34.79,2026-09-14,DDP-37,
2026-09-10 11:42:00,Bubbakoo's Burritos - Sample Store,Order,A69C04D2E7189EF5A80D,Delivered,51.29,4.55,-12.82,-0.0,0,0,43.02,2026-09-14,DDP-37,
2026-09-10 12:23:00,Bubbakoo's Burritos - Sample Store,Order,706351F74900FE350931,Delivered,32.12,2.85,-8.03,-0.0,0,0,26.94,2026-09-14,DDP-37,
2026-09-10 20:57:00,Bubbakoo's Burritos - Sample Store,Order,ADDAD00B06681AAA66E8,Delivered,20.37,1.81,-5.09,-0.0,0,0,17.09,2026-09-14,DDP-37,
2026-09-10 22:57:00,Bubbakoo's Burritos - Sample Store,Error charge,ADDAD00B06681AAA66E8,,0.0,0.0,0.0,0.0,0,0,-11.8,,,Incorrect item
2026-09-10 19:43:00,Bubbakoo's Burritos - Sample Store,Order,FDEA0E80AC2EFA847DFA,Delivered,51.1,4.54,-12.78,-0.0,0,0,42.86,2026-09-14,DDP-37,
2026-09-10 14:26:00,Bubbakoo's Burritos - Sample Store,Order,39EDA348455EF03374E2,Delivered,25.56,2.27,-6.39,-0.0,0,0,21.44,2026-09-14,DDP-37,
2026-09-10 16:26:00,Bubbakoo's Burritos - Sample Store,Error charge,39EDA348455EF03374E2,,0.0,0.0,0.0,0.0,0,0,-6.01,,,Cold food
2026-09-10 20:42:00,Bubbakoo's Burritos - Sample Store,Order,D642E0F6D3F99E2D3D09,Delivered,28.58,2.54,-7.14,-0.0,0,0,23.98,2026-09-14,DDP-37,
2026-09-11 18:12:00,Bubbakoo's Burritos - Sample Store,Order,4FB692533ABAD6F90441,Delivered,29.11,2.58,-7.28,-0.0,0,0,24.41,2026-09-14,DDP-37,
2026-09-11 14:15:00,Bubbakoo's Burritos - Sample Store,Order,CA90A86077EB6BC9CDD3,Delivered,48.31,4.29,-12.08,-0.0,0,0,40.52,2026-09-14,DDP-37,
2026-09-11 20:38:00,Bubbakoo's Burritos - Sample Store,Order,951E5D13EEFFC4673156,Delivered,31.47,2.79,-7.87,-0.0,0,0,26.39,2026-09-14,DDP-37,
2026-09-11 15:24:00,Bubbakoo's Burritos - Sample Store,Order,B97424F354F3EA6B887C,Delivered,34.56,3.07,-8.64,-0.0,0,0,28.99,2026-09-14,DDP-37,
2026-09-11 17:24:00,Bubbakoo's Burritos - Sample Store,Error charge,B97424F354F3EA6B887C,,0.0,0.0,0.0,0.0,0,0,-16.12,,,Incorrect item
2026-09-11 18:45:00,Bubbakoo's Burritos - Sample Store,Order,FC7AC223346321DE2F16,Delivered,39.89,3.54,-9.97,-0.0,0,0,33.46,2026-09-14,DDP-37,
2026-09-11 13:41:00,Bubbakoo's Burritos - Sample Store,Order,D3B5B60A56C1525EC575,Delivered,13.91,1.23,-3.48,-0.0,0,0,11.66,2026-09-14,DDP-37,
2026-09-11 11:56:00,Bubbakoo's Burritos - Sample Store,Order,0C9034A84B20506516D1,Delivered,47.41,4.21,-11.85,-0.0,0,0,39.77,2026-09-14,DDP-37,
2026-09-11 18:52:00,Bubbakoo's Burritos - Sample Store,Order,81BD899FC8F6B1251E9D,Delivered,12.42,1.1,-3.1,-0.0,0,0,10.42,2026-09-14,DDP-37,
2026-09-11 20:01:00,Bubbakoo's Burritos - Sample Store,Order,11EF0B59A8B14A371B30,Delivered,25.61,2.27,-6.4,-0.0,0,0,21.48,2026-09-14,DDP-37,
2026-09-11 19:45:00,Bubbakoo's Burritos - Sample Store,Order,F024B29B7A15E8D6DA2F,Delivered,21.43,1.9,-5.36,-0.0,0,0,17.97,2026-09-14,DDP-37,
2026-09-11 16:22:00,Bubbakoo's Burritos - Sample Store,Order,167E07FD74AA8EFAC4E6,Delivered,40.08,3.56,-10.02,-0.0,0,0,33.62,2026-09-14,DDP-37,
2026-09-11 12:04:00,Bubbakoo's Burritos - Sample Store,Order,A85A37724CCB42D308FD,Delivered,32.9,2.92,-8.22,-0.0,0,0,27.6,2026-09-14,DDP-37,
2026-09-11 18:27:00,Bubbakoo's Burritos - Sample Store,Order,181312C3B28BDFC264D4,Delivered,35.43,3.14,-8.86,-0.0,0,0,29.71,2026-09-14,DDP-37,
2026-09-11 20:27:00,Bubbakoo's Burritos - Sample Store,Error charge,181312C3B28BDFC264D4,,0.0,0.0,0.0,0.0,0,0,-19.7,,,Incorrect item
2026-09-11 16:23:00,Bubbakoo's Burritos - Sample Store,Order,6806686BD54583199A89,Delivered,18.71,1.66,-4.68,-0.0,0,0,15.69,2026-09-14,DDP-37,
2026-09-11 16:46:00,Bubbakoo's Burritos - Sample Store,Order,F8C494D37544CEBF3E29,Delivered,28.03,2.49,-7.01,-0.0,0,0,23.51,2026-09-14,DDP-37,
2026-09-11 19:04:00,Bubbakoo's Burritos - Sample Store,Order,49E8A804CF9554979AA3,Delivered,21.64,1.92,-5.41,-0.0,0,0,18.15,2026-09-14,DDP-37,
2026-09-11 14:18:00,Bubbakoo's Burritos - Sample Store,Order,D03B868EDE0F60C61B64,Delivered,54.03,4.8,-13.51,-0.0,0,0,45.32,2026-09-14,DDP-37,
2026-09-11 19:45:00,Bubbakoo's Burritos - Sample Store,Order,F9EA4EFB26059E08B200,Delivered,33.05,2.93,-8.26,-0.0,0,0,27.72,2026-09-14,DDP-37,
2026-09-11 14:12:00,Bubbakoo's Burritos - Sample Store,Order,DCF167620007C123D259,Delivered,42.0,3.73,-10.5,-0.0,0,0,35.23,2026-09-14,DDP-37,
2026-09-11 11:40:00,Bubbakoo's Burritos - Sample Store,Order,3A591ECD53BA4376FF62,Delivered,53.27,4.73,-13.32,-0.0,0,0,44.68,2026-09-14,DDP-37,
2026-09-12 13:36:00,Bubbakoo's Burritos - Sample Store,Order,22E15A226C81781A07C9,Delivered,40.66,3.61,-10.16,-0.0,0,0,34.11,2026-09-14,DDP-37,
2026-09-12 18:10:00,Bubbakoo's Burritos - Sample Store,Order,17A4BA3B0DDD6B2777E1,Delivered,21.17,1.88,-5.29,-0.0,0,0,17.76,2026-09-14,DDP-37,
2026-09-12 15:02:00,Bubbakoo's Burritos - Sample Store,Order,2CEAD93BD26901D08445,Delivered,36.31,3.22,-9.08,-0.0,0,0,30.45,2026-09-14,DDP-37,
2026-09-12 20:59:00,Bubbakoo's Burritos - Sample Store,Order,B64B4795765CA91EBFCC,Delivered,44.91,3.99,-11.23,-0.0,0,0,37.67,2026-09-14,DDP-37,
2026-09-12 19:43:00,Bubbakoo's Burritos - Sample Store,Order,DE8789F7714FE6CA0071,Delivered,13.47,1.2,-3.37,-0.0,0,0,11.3,2026-09-14,DDP-37,
2026-09-12 13:25:00,Bubbakoo's Burritos - Sample Store,Order,FF6373EA37691E18A382,Delivered,26.04,2.31,-6.51,-0.0,0,0,21.84,2026-09-14,DDP-37,
2026-09-12 14:23:00,Bubbakoo's Burritos - Sample Store,Order,9E4309D85B46A94868FE,Delivered,21.7,1.93,-5.42,-0.0,0,0,18.21,2026-09-14,DDP-37,
2026-09-12 18:36:00,Bubbakoo's Burritos - Sample Store,Order,1FDCEE5050D79D5E96F8,Delivered,14.99,1.33,-3.75,-0.0,0,0,12.57,2026-09-14,DDP-37,
2026-09-12 19:17:00,Bubbakoo's Burritos - Sample Store,Order,32AD343A84BD1B7E78AF,Delivered,33.23,2.95,-8.31,-0.0,0,0,27.87,2026-09-14,DDP-37,
2026-09-12 14:58:00,Bubbakoo's Burritos - Sample Store,Order,11D29908F78CE82B6229,Delivered,14.44,1.28,-3.61,-0.0,0,0,12.11,2026-09-14,DDP-37,
2026-09-12 17:00:00,Bubbakoo's Burritos - Sample Store,Order,26FEDD16A53F4EC06454,Delivered,44.13,3.92,-11.03,-0.0,0,0,37.02,2026-09-14,DDP-37,
2026-09-12 11:42:00,Bubbakoo's Burritos - Sample Store,Order,824799E55ABEB2647A0F,Delivered,50.93,4.52,-12.73,-0.0,0,0,42.72,2026-09-14,DDP-37,
2026-09-12 20:27:00,Bubbakoo's Burritos - Sample Store,Order,F305AED00100FB44BC2C,Delivered,41.66,3.7,-10.41,-0.0,0,0,34.95,2026-09-14,DDP-37,
2026-09-12 16:34:00,Bubbakoo's Burritos - Sample Store,Order,CD120AE8570E1B36383C,Delivered,38.73,3.44,-9.68,-0.0,0,0,32.49,2026-09-14,DDP-37,
2026-09-12 15:52:00,Bubbakoo's Burritos - Sample Store,Order,F9B96410CCED3402E788,Delivered,16.42,1.46,-4.11,-0.0,0,0,13.77,2026-09-14,DDP-37,
2026-09-12 19:27:00,Bubbakoo's Burritos - Sample Store,Order,598F11810513937AE528,Delivered,23.91,2.12,-5.98,-0.0,0,0,20.05,2026-09-14,DDP-37,
2026-09-12 12:59:00,Bubbakoo's Burritos - Sample Store,Order,90B781C59BF123EC9C16,Delivered,26.63,2.36,-6.66,-0.0,0,0,22.33,2026-09-14,DDP-37,
2026-09-12 14:59:00,Bubbakoo's Burritos - Sample Store,Error charge,90B781C59BF123EC9C16,,0.0,0.0,0.0,0.0,0,0,-13.58,,,Missing item
2026-09-12 15:42:00,Bubbakoo's Burritos - Sample Store,Order,290471487EBA8622D24A,Delivered,52.89,4.69,-13.22,-0.0,0,0,44.36,2026-09-14,DDP-37,
2026-09-12 17:42:00,Bubbakoo's Burritos - Sample Store,Error charge,290471487EBA8622D24A,,0.0,0.0,0.0,0.0,0,0,-9.36,,,Missing item
2026-09-12 13:30:00,Bubbakoo's Burritos - Sample Store,Order,438AB37E6FC6A3D80EBE,Delivered,25.62,2.27,-6.41,-0.0,0,0,21.48,2026-09-14,DDP-37,
2026-09-12 13:27:00,Bubbakoo's Burritos - Sample Store,Order,C5DC8B5116EF7DC0F939,Delivered,36.89,3.27,-9.22,-0.0,0,0,30.94,2026-09-14,DDP-37,
2026-09-13 17:25:00,Bubbakoo's Burritos - Sample Store,Order,0883BE3281A24FE5D09F,Delivered,51.32,4.55,-12.83,-0.0,0,0,43.04,2026-09-14,DDP-37,
2026-09-13 14:40:00,Bubbakoo's Burritos - Sample Store,Order,149BC881B7FC7FBDE046,Delivered,32.83,2.91,-8.21,-0.0,0,0,27.53,2026-09-14,DDP-37,
2026-09-13 13:19:00,Bubbakoo's Burritos - Sample Store,Order,2F99594AA523F8BC1EBE,Delivered,41.32,3.67,-10.33,-0.0,0,0,34.66,2026-09-14,DDP-37,
2026-09-13 19:05:00,Bubbakoo's Burritos - Sample Store,Order,E9A0CAFD4272DA8A400C,Delivered,51.31,4.55,-12.83,-0.0,0,0,43.03,2026-09-14,DDP-37,
2026-09-13 12:04:00,Bubbakoo's Burritos - Sample Store,Order,F7C30846DAD65EEB9FE8,Delivered,40.65,3.61,-10.16,-0.0,0,0,34.1,2026-09-14,DDP-37,
2026-09-13 16:20:00,Bubbakoo's Burritos - Sample Store,Order,A70FA5DF3B668598622F,Delivered,43.05,3.82,-10.76,-0.0,0,0,36.11,2026-09-14,DDP-37,
2026-09-13 15:25:00,Bubbakoo's Burritos - Sample Store,Order,517942C28DDA87751EA7,Delivered,18.54,1.65,-4.63,-0.0,0,0,15.56,2026-09-14,DDP-37,
2026-09-13 19:00:00,Bubbakoo's Burritos - Sample Store,Order,19523FF85E1EFA45902F,Delivered,34.18,3.03,-8.54,-0.0,0,0,28.67,2026-09-14,DDP-37,
2026-09-13 13:46:00,Bubbakoo's Burritos - Sample Store,Order,F5B3FCE56134584A5E20,Delivered,27.11,2.41,-6.78,-0.0,0,0,22.74,2026-09-14,DDP-37,
2026-09-13 16:38:00,Bubbakoo's Burritos - Sample Store,Order,C53C691B5058CF8A2D9F,Delivered,29.1,2.58,-7.28,-0.0,0,0,24.4,2026-09-14,DDP-37,
2026-09-13 18:46:00,Bubbakoo's Burritos - Sample Store,Order,F02C655EF2BF2963C729,Delivered,40.59,3.6,-10.15,-0.0,0,0,34.04,2026-09-14,DDP-37,
2026-09-13 20:16:00,Bubbakoo's Burritos - Sample Store,Order,5C3F9A882CC53012AB7D,Delivered,56.03,4.97,-14.01,-0.0,0,0,46.99,2026-09-14,DDP-37,
2026-09-13 21:00:00,Bubbakoo's Burritos - Sample Store,Order,12277C638D9BE6BD35AA,Delivered,14.03,1.25,-3.51,-0.0,0,0,11.77,2026-09-14,DDP-37,
2026-09-13 12:53:00,Bubbakoo's Burritos - Sample Store,Order,317304C2FDFB702719C8,Delivered,43.16,3.83,-10.79,-0.0,0,0,36.2,2026-09-14,DDP-37,
2026-09-13 18:16:00,Bubbakoo's Burritos - Sample Store,Order,91878213E52CBAE25020,Delivered,15.11,1.34,-3.78,-0.0,0,0,12.67,2026-09-14,DDP-37,
2026-09-13 11:13:00,Bubbakoo's Burritos - Sample Store,Order,D510E09AE7FA22BD2DE2,Delivered,37.94,3.37,-9.48,-0.0,0,0,31.83,2026-09-14,DDP-37,
2026-09-13 20:59:00,Bubbakoo's Burritos - Sample Store,Order,ACC122AD52D02E9DF4D6,Delivered,52.38,4.65,-13.1,-0.0,0,0,43.93,2026-09-14,DDP-37,
2026-09-13 18:14:00,Bubbakoo's Burritos - Sample Store,Order,83AFEB074539316EE473,Delivered,16.19,1.44,-4.05,-0.0,0,0,13.58,2026-09-14,DDP-37,
2026-09-13 11:27:00,Bubbakoo's Burritos - Sample Store,Order,88064DBA9F8FE4656D73,Delivered,57.72,5.12,-14.43,-0.0,0,0,48.41,2026-09-14,DDP-37,
2026-09-13 17:07:00,Bubbakoo's Burritos - Sample Store,Order,244410E78B245A14414C,Delivered,54.2,4.81,-13.55,-0.0,0,0,45.46,2026-09-14,DDP-37,
2026-09-13 13:43:00,Bubbakoo's Burritos - Sample Store,Order,8F7A94B81897F235930E,Delivered,25.54,2.27,-6.38,-0.0,0,0,21.43,2026-09-14,DDP-37,
2026-09-13 11:59:00,Bubbakoo's Burritos - Sample Store,Order,C1BFC7EEECFC58CC3C9B,Delivered,22.1,1.96,-5.53,-0.0,0,0,18.53,2026-09-14,DDP-37,
2026-09-13 12:34:00,Bubbakoo's Burritos - Sample Store,Order,55E4A0016DEA3AA26334,Delivered,50.24,4.46,-12.56,-0.0,0,0,42.14,2026-09-14,DDP-37,
2026-09-14 11:37:00,Bubbakoo's Burritos - Sample Store,Order,6C8D781E6D5E7B010DCC,Delivered,51.03,4.53,-12.76,-0.0,0,0,42.8,2026-09-21,DDP-38,
2026-09-14 12:54:00,Bubbakoo's Burritos - Sample Store,Order,FEC6A06465C1278C82B0,Delivered,53.43,4.74,-13.36,-0.0,0,0,44.81,2026-09-21,DDP-38,
2026-09-14 17:39:00,Bubbakoo's Burritos - Sample Store,Order,5F2C126ABC5A0D1402D6,Delivered,19.73,1.75,-4.93,-0.0,0,0,16.55,2026-09-21,DDP-38,
2026-09-14 14:12:00,Bubbakoo's Burritos - Sample Store,Order,9C69AB78929D41BBACA1,Delivered,20.72,1.84,-5.18,-0.0,0,0,17.38,2026-09-21,DDP-38,
2026-09-14 14:58:00,Bubbakoo's Burritos - Sample Store,Order,526EB37EE1CE5877931C,Cancelled,0.0,0.0,-0.0,-2.29,0,0,-2.29,2026-09-21,DDP-38,
2026-09-14 13:05:00,Bubbakoo's Burritos - Sample Store,Order,6A9C14BEFE40B6E04FB3,Delivered,22.16,1.97,-5.54,-0.0,0,0,18.59,2026-09-21,DDP-38,
2026-09-14 15:05:00,Bubbakoo's Burritos - Sample Store,Error charge,6A9C14BEFE40B6E04FB3,,0.0,0.0,0.0,0.0,0,0,-6.12,,,Order never arrived
2026-09-14 18:12:00,Bubbakoo's Burritos - Sample Store,Order,A238CBDC6090A4583D95,Delivered,22.45,1.99,-5.61,-0.0,0,0,18.83,2026-09-21,DDP-38,
2026-09-14 15:35:00,Bubbakoo's Burritos - Sample Store,Order,FCAC670577C1E1A47AA9,Delivered,31.45,2.93,-8.27,-0.0,0,0,26.11,2026-09-21,DDP-38,
2026-09-14 19:00:00,Bubbakoo's Burritos - Sample Store,Order,F4C7CB05CCB59C9E28E8,Delivered,36.77,3.26,-9.19,-0.0,0,0,30.84,2026-09-21,DDP-38,
2026-09-14 12:33:00,Bubbakoo's Burritos - Sample Store,Order,008C5C5AB172BB4B3666,Delivered,25.6,2.27,-6.4,-0.0,0,0,21.47,2026-09-21,DDP-38,
2026-09-14 11:04:00,Bubbakoo's Burritos - Sample Store,Order,EB4B3D1D4A0EDFC5749F,Delivered,31.33,2.78,-7.83,-0.0,0,0,26.28,2026-09-21,DDP-38,
2026-09-14 12:42:00,Bubbakoo's Burritos - Sample Store,Order,4A4D8F035F2F21DC1D2E,Delivered,35.0,3.11,-8.75,-0.0,0,0,29.36,2026-09-21,DDP-38,
2026-09-14 16:43:00,Bubbakoo's Burritos - Sample Store,Order,48B33D2C46228D1B9037,Delivered,39.29,3.49,-9.82,-0.0,0,0,32.96,2026-09-21,DDP-38,
2026-09-14 17:14:00,Bubbakoo's Burritos - Sample Store,Order,2336DF8953DB4795A446,Delivered,41.86,3.72,-10.46,-0.0,0,0,35.12,2026-09-21,DDP-38,
2026-09-14 18:07:00,Bubbakoo's Burritos - Sample Store,Order,66EB2C4438E584875C60,Delivered,12.07,1.07,-3.02,-0.0,0,0,10.12,2026-09-21,DDP-38,
2026-09-14 17:09:00,Bubbakoo's Burritos - Sample Store,Order,B459D611CA3B08212C1C,Delivered,30.08,2.67,-7.52,-0.0,0,0,25.23,2026-09-21,DDP-38,
2026-09-14 11:29:00,Bubbakoo's Burritos - Sample Store,Order,AEAC5FC1521C00B6F5E9,Delivered,28.7,2.55,-7.17,-0.0,0,0,24.08,2026-09-21,DDP-38,
2026-09-14 14:22:00,Bubbakoo's Burritos - Sample Store,Order,B19FC4922CABC97EA52E,Delivered,36.45,3.23,-9.11,-0.0,0,0,30.57,2026-09-21,DDP-38,
2026-09-14 13:55:00,Bubbakoo's Burritos - Sample Store,Order,8CF761944A58696A5061,Delivered,41.96,3.72,-10.49,-0.0,0,0,35.19,2026-09-21,DDP-38,
2026-09-14 13:17:00,Bubbakoo's Burritos - Sample Store,Order,8BD2EF3B337CDB47ADBA,Delivered,23.87,2.12,-5.97,-0.0,0,0,20.02,2026-09-21,DDP-38,
2026-09-14 18:33:00,Bubbakoo's Burritos - Sample Store,Order,C0CCAA4720539A189112,Delivered,45.92,4.08,-11.48,-0.0,0,0,38.52,2026-09-21,DDP-38,
2026-09-14 12:00:00,Bubbakoo's Burritos - Sample Store,Order,9FEAD1AA9CA2AC1714AE,Delivered,41.68,3.7,-10.42,-0.0,0,0,34.96,2026-09-21,DDP-38,
2026-09-14 15:33:00,Bubbakoo's Burritos - Sample Store,Order,D3EFA536E7DCB5A32D5C,Delivered,48.9,4.34,-12.22,-0.0,0,0,41.02,2026-09-21,DDP-38,
2026-09-14 17:33:00,Bubbakoo's Burritos - Sample Store,Error charge,D3EFA536E7DCB5A32D5C,,0.0,0.0,0.0,0.0,0,0,-19.68,,,Incorrect item
2026-09-15 20:48:00,Bubbakoo's Burritos - Sample Store,Order,DD5F7A0D82346D488EB2,Delivered,53.41,4.74,-13.35,-0.0,0,0,44.8,2026-09-21,DDP-38,
2026-09-15 11:09:00,Bubbakoo's Burritos - Sample Store,Order,286630CCA1CD8A0C7CFD,Delivered,11.62,1.03,-2.9,-0.0,0,0,9.75,2026-09-21,DDP-38,
2026-09-15 18:24:00,Bubbakoo's Burritos - Sample Store,Order,24893EA6345F3FCCEEF6,Delivered,44.5,3.95,-11.12,-0.0,0,0,37.33,2026-09-21,DDP-38,
2026-09-15 17:31:00,Bubbakoo's Burritos - Sample Store,Order,3B43707B98E2858D8515,Delivered,30.9,2.82,-7.94,-0.0,0,0,25.78,2026-09-21,DDP-38,
2026-09-15 16:02:00,Bubbakoo's Burritos - Sample Store,Order,2991BB96CEE0EAAFB03D,Delivered,25.37,2.25,-6.34,-0.0,0,0,21.28,2026-09-21,DDP-38,
2026-09-15 11:25:00,Bubbakoo's Burritos - Sample Store,Order,2DFFC261B46E2F225E63,Delivered,47.62,4.23,-11.9,-0.0,0,0,39.95,2026-09-21,DDP-38,
2026-09-15 13:05:00,Bubbakoo's Burritos - Sample Store,Order,F79D2FAF7CB35DEE4CD3,Delivered,16.54,1.47,-4.13,-0.0,0,0,13.88,2026-09-21,DDP-38,
2026-09-15 17:29:00,Bubbakoo's Burritos - Sample Store,Order,B646F9CFA570DA757AF0,Delivered,56.53,5.02,-14.13,-0.0,0,0,47.42,2026-09-21,DDP-38,
2026-09-15 12:52:00,Bubbakoo's Burritos - Sample Store,Order,DFBA6B2E4336319072EF,Delivered,38.56,3.42,-9.64,-0.0,0,0,32.34,2026-09-21,DDP-38,
2026-09-15 17:10:00,Bubbakoo's Burritos - Sample Store,Order,260FB2926CE59A662BDA,Delivered,18.17,1.61,-4.54,-0.0,0,0,15.24,2026-09-21,DDP-38,
2026-09-15 18:06:00,Bubbakoo's Burritos - Sample Store,Order,EA66339BA9D8B8D971C0,Delivered,14.84,1.32,-3.71,-0.0,0,0,12.45,2026-09-21,DDP-38,
2026-09-15 12:44:00,Bubbakoo's Burritos - Sample Store,Order,819162454D31D86267B3,Delivered,54.43,4.83,-13.61,-0.0,0,0,45.65,2026-09-21,DDP-38,
2026-09-15 12:30:00,Bubbakoo's Burritos - Sample Store,Order,A368713438F2A1D580F6,Delivered,11.74,1.04,-2.94,-0.0,0,0,9.84,2026-09-21,DDP-38,
2026-09-15 13:20:00,Bubbakoo's Burritos - Sample Store,Order,407B0A0570EBD5436AB7,Delivered,24.61,2.18,-6.15,-0.0,0,0,20.64,2026-09-21,DDP-38,
2026-09-15 20:36:00,Bubbakoo's Burritos - Sample Store,Order,A80597D9F1CE43378B0A,Delivered,45.88,4.07,-11.47,-0.0,0,0,38.48,2026-09-21,DDP-38,
2026-09-15 12:42:00,Bubbakoo's Burritos - Sample Store,Order,966D73EB3700711AB18D,Delivered,31.11,2.76,-7.78,-0.0,0,0,26.09,2026-09-21,DDP-38,
2026-09-15 11:21:00,Bubbakoo's Burritos - Sample Store,Order,8CEA28454C90098A5349,Delivered,24.24,2.15,-6.06,-0.0,0,0,20.33,2026-09-21,DDP-38,
2026-09-15 19:48:00,Bubbakoo's Burritos - Sample Store,Order,510D65311D6C62D55E66,Delivered,34.3,3.04,-8.57,-0.0,0,0,28.77,2026-09-21,DDP-38,
2026-09-15 17:22:00,Bubbakoo's Burritos - Sample Store,Order,4618623783584989E480,Delivered,22.63,2.01,-5.66,-0.0,0,0,18.98,2026-09-21,DDP-38,
2026-09-15 18:56:00,Bubbakoo's Burritos - Sample Store,Order,CD353B129CA6344ADB3E,Delivered,23.09,2.05,-5.77,-0.0,0,0,19.37,2026-09-21,DDP-38,
2026-09-15 20:31:00,Bubbakoo's Burritos - Sample Store,Order,2CEA9842B419D4B5DD01,Delivered,11.72,1.04,-2.93,-0.0,0,0,9.83,2026-09-21,DDP-38,
2026-09-15 17:48:00,Bubbakoo's Burritos - Sample Store,Order,4CE45E2B1892141AA692,Delivered,32.74,2.91,-8.19,-0.0,0,0,27.46,2026-09-21,DDP-38,
2026-09-15 11:44:00,Bubbakoo's Burritos - Sample Store,Order,641B07CF645ED62AF5CD,Delivered,53.11,4.71,-13.28,-0.0,0,0,44.54,2026-09-21,DDP-38,
2026-09-15 17:52:00,Bubbakoo's Burritos - Sample Store,Order,301B9878654DEA5183F2,Delivered,41.94,3.72,-10.48,-0.0,0,0,35.18,2026-09-21,DDP-38,
2026-09-15 20:29:00,Bubbakoo's Burritos - Sample Store,Order,AEDA74743D9B8BF914E3,Delivered,32.88,2.92,-8.22,-0.0,0,0,27.58,2026-09-21,DDP-38,
2026-09-16 20:54:00,Bubbakoo's Burritos - Sample Store,Order,42FBC9ACA0C9074F622E,Delivered,25.83,2.29,-6.46,-0.0,0,0,21.66,2026-09-21,DDP-38,
2026-09-16 12:46:00,Bubbakoo's Burritos - Sample Store,Order,7F7F422B1A284A69A899,Delivered,34.12,3.03,-8.53,-0.0,0,0,28.62,2026-09-21,DDP-38,
2026-09-16 19:00:00,Bubbakoo's Burritos - Sample Store,Order,4DDD0780C22D354FD8F5,Delivered,51.94,4.61,-12.98,-0.0,0,0,43.57,2026-09-21,DDP-38,
2026-09-16 11:02:00,Bubbakoo's Burritos - Sample Store,Order,59F344413F5CAC96E5C4,Delivered,49.83,4.42,-12.46,-0.0,0,0,41.79,2026-09-21,DDP-38,
2026-09-16 16:39:00,Bubbakoo's Burritos - Sample Store,Order,91156950D36848D1EDA7,Delivered,25.43,2.26,-6.36,-0.0,0,0,21.33,2026-09-21,DDP-38,
2026-09-16 18:20:00,Bubbakoo's Burritos - Sample Store,Order,948DD818BA105D7DA26E,Delivered,32.62,2.9,-8.15,-0.0,0,0,27.37,2026-09-21,DDP-38,
2026-09-16 15:56:00,Bubbakoo's Burritos - Sample Store,Order,B5AF2C455204B1F025D6,Delivered,55.51,4.93,-13.88,-0.0,0,0,46.56,2026-09-21,DDP-38,
2026-09-16 15:28:00,Bubbakoo's Burritos - Sample Store,Order,BEE20F8D39F64B2AD655,Delivered,22.19,1.97,-5.55,-0.0,0,0,18.61,2026-09-21,DDP-38,
2026-09-16 12:43:00,Bubbakoo's Burritos - Sample Store,Order,F3A5C43462BC9481E2E4,Delivered,22.62,2.01,-5.66,-0.0,0,0,18.97,2026-09-21,DDP-38,
2026-09-16 17:19:00,Bubbakoo's Burritos - Sample Store,Order,0D6B267B7E390022CBCC,Delivered,11.87,1.05,-2.97,-0.0,0,0,9.95,2026-09-21,DDP-38,
2026-09-16 20:20:00,Bubbakoo's Burritos - Sample Store,Order,545AF8F0538FB63C1072,Delivered,43.03,3.82,-10.76,-0.0,0,0,36.09,2026-09-21,DDP-38,
2026-09-16 20:14:00,Bubbakoo's Burritos - Sample Store,Order,DA6CDFB71F2E28DEE0D0,Delivered,43.94,3.9,-10.98,-0.0,0,0,36.86,2026-09-21,DDP-38,
2026-09-16 14:41:00,Bubbakoo's Burritos - Sample Store,Order,3AA728084EA6D23ACF74,Delivered,49.9,4.68,-13.18,-0.0,0,0,41.4,2026-09-21,DDP-38,
2026-09-16 18:28:00,Bubbakoo's Burritos - Sample Store,Order,FABB797CFC1BE051CE98,Delivered,40.79,3.62,-10.2,-0.0,0,0,34.21,2026-09-21,DDP-38,
2026-09-16 16:21:00,Bubbakoo's Burritos - Sample Store,Order,D94D425425306165AF32,Delivered,44.19,3.92,-11.05,-0.0,0,0,37.06,2026-09-21,DDP-38,
2026-09-16 13:18:00,Bubbakoo's Burritos - Sample Store,Order,3E06508926EA3E2BE3A3,Delivered,39.89,3.54,-9.97,-0.0,0,0,33.46,2026-09-21,DDP-38,
2026-09-16 11:06:00,Bubbakoo's Burritos - Sample Store,Order,EB8732AD4825EA2EBDA1,Delivered,25.4,2.25,-6.35,-0.0,0,0,21.3,2026-09-21,DDP-38,
2026-09-16 12:49:00,Bubbakoo's Burritos - Sample Store,Order,296FFC0D2E0B50DAE13E,Delivered,12.92,1.36,-3.84,-0.0,0,0,10.44,2026-09-21,DDP-38,
2026-09-16 12:25:00,Bubbakoo's Burritos - Sample Store,Order,DFA2C9A60D7DC1D5A9E1,Delivered,16.91,1.5,-4.23,-0.0,0,0,14.18,2026-09-21,DDP-38,
2026-09-16 16:48:00,Bubbakoo's Burritos - Sample Store,Order,B6D82A836F853D3AC9E7,Delivered,20.45,1.81,-5.11,-0.0,0,0,17.15,2026-09-21,DDP-38,
2026-09-16 17:34:00,Bubbakoo's Burritos - Sample Store,Order,BD3BC0C44ABEED8F483D,Delivered,14.15,1.26,-3.54,-0.0,0,0,11.87,2026-09-21,DDP-38,
2026-09-16 14:12:00,Bubbakoo's Burritos - Sample Store,Order,4DBE44B17B0A43E4CBA1,Delivered,51.61,4.58,-12.9,-0.0,0,0,43.29,2026-09-21,DDP-38,
2026-09-16 18:40:00,Bubbakoo's Burritos - Sample Store,Order,41A39E866D765EC0DCCD,Delivered,13.94,1.24,-3.48,-0.0,0,0,11.7,2026-09-21,DDP-38,
2026-09-16 19:43:00,Bubbakoo's Burritos - Sample Store,Order,E156CF7F7B2F00CC0191,Delivered,31.32,2.78,-7.83,-0.0,0,0,26.27,2026-09-21,DDP-38,
2026-09-17 20:34:00,Bubbakoo's Burritos - Sample Store,Order,F4DCA3BFF8A0DE42F316,Delivered,27.15,2.41,-6.79,-0.0,0,0,22.77,2026-09-21,DDP-38,
2026-09-17 18:20:00,Bubbakoo's Burritos - Sample Store,Order,D5F5B05BBAC38A0C061D,Delivered,23.36,2.07,-5.84,-0.0,0,0,19.59,2026-09-21,DDP-38,
2026-09-17 13:20:00,Bubbakoo's Burritos - Sample Store,Order,579FB87C5E024872A34F,Delivered,20.97,1.86,-5.24,-0.0,0,0,17.59,2026-09-21,DDP-38,
2026-09-17 20:52:00,Bubbakoo's Burritos - Sample Store,Order,86A3B4435DB86FEF4E16,Delivered,54.45,4.83,-13.61,-0.0,0,0,45.67,2026-09-21,DDP-38,
2026-09-17 18:10:00,Bubbakoo's Burritos - Sample Store,Order,2E7CB5A18FCFD4EA431E,Delivered,54.15,4.81,-13.54,-0.0,0,0,45.42,2026-09-21,DDP-38,
2026-09-17 15:24:00,Bubbakoo's Burritos - Sample Store,Order,3F6AE06BECEE805D3C4B,Delivered,39.59,3.51,-9.9,-0.0,0,0,33.2,2026-09-21,DDP-38,
2026-09-17 17:24:00,Bubbakoo's Burritos - Sample Store,Error charge,3F6AE06BECEE805D3C4B,,0.0,0.0,0.0,0.0,0,0,-17.84,,,Incorrect item
2026-09-17 16:58:00,Bubbakoo's Burritos - Sample Store,Order,313C4E700ECD827DAA4F,Delivered,51.46,4.57,-12.87,-0.0,0,0,43.16,2026-09-21,DDP-38,
2026-09-17 11:46:00,Bubbakoo's Burritos - Sample Store,Order,5969B1BE462E9EAA15E4,Delivered,44.42,3.94,-11.11,-0.0,0,0,37.25,2026-09-21,DDP-38,
2026-09-17 12:38:00,Bubbakoo's Burritos - Sample Store,Order,2066D4C36042A7C2DC6A,Delivered,35.29,3.13,-8.82,-0.0,0,0,29.6,2026-09-21,DDP-38,
2026-09-17 12:20:00,Bubbakoo's Burritos - Sample Store,Order,350AC24E65E2003AC907,Delivered,54.81,4.86,-13.7,-0.0,0,0,45.97,2026-09-21,DDP-38,
2026-09-17 14:20:00,Bubbakoo's Burritos - Sample Store,Error charge,350AC24E65E2003AC907,,0.0,0.0,0.0,0.0,0,0,-18.19,,,Cold food
2026-09-17 18:51:00,Bubbakoo's Burritos - Sample Store,Order,C3BB6FDF99CCE6C83965,Delivered,47.39,4.21,-11.85,-0.0,0,0,39.75,2026-09-21,DDP-38,
2026-09-17 20:32:00,Bubbakoo's Burritos - Sample Store,Order,14037FE1AF464DAA5C99,Delivered,44.99,3.99,-11.25,-0.0,0,0,37.73,2026-09-21,DDP-38,
2026-09-17 17:33:00,Bubbakoo's Burritos - Sample Store,Order,CFF66431452A064578B9,Delivered,48.86,4.34,-12.21,-0.0,0,0,40.99,2026-09-21,DDP-38,
2026-09-17 14:12:00,Bubbakoo's Burritos - Sample Store,Order,5821FE37DBF5CF5A3449,Delivered,34.0,3.02,-8.5,-0.0,0,0,28.52,2026-09-21,DDP-38,
2026-09-17 12:24:00,Bubbakoo's Burritos - Sample Store,Order,9B1E12FB0B38F7F0BA40,Delivered,35.84,3.18,-8.96,-0.0,0,0,30.06,2026-09-21,DDP-38,
2026-09-17 14:24:00,Bubbakoo's Burritos - Sample Store,Error charge,9B1E12FB0B38F7F0BA40,,0.0,0.0,0.0,0.0,0,0,-20.17,,,Cold food
2026-09-17 15:41:00,Bubbakoo's Burritos - Sample Store,Order,45414AF190CAED77EC62,Cancelled,0.0,0.0,-0.0,-2.99,0,0,-2.99,2026-09-21,DDP-38,
2026-09-17 15:08:00,Bubbakoo's Burritos - Sample Store,Order,ACB898F9AA3148FCA2C8,Delivered,17.89,1.59,-4.47,-0.0,0,0,15.01,2026-09-21,DDP-38,
2026-09-17 11:03:00,Bubbakoo's Burritos - Sample Store,Order,FF6C1590818BEBE20E99,Delivered,31.43,2.79,-7.86,-0.0,0,0,26.36,2026-09-21,DDP-38,
2026-09-17 17:54:00,Bubbakoo's Burritos - Sample Store,Order,2CC9847E7DC25D40C568,Delivered,43.68,3.88,-10.92,-0.0,0,0,36.64,2026-09-21,DDP-38,
2026-09-17 19:35:00,Bubbakoo's Burritos - Sample Store,Order,15C2DAD544218CCF472B,Delivered,52.18,4.63,-13.04,-0.0,0,0,43.77,2026-09-21,DDP-38,
2026-09-17 20:43:00,Bubbakoo's Burritos - Sample Store,Order,833AB77788ED13FC82EF,Delivered,15.6,1.38,-3.9,-0.0,0,0,13.08,2026-09-21,DDP-38,
2026-09-17 12:34:00,Bubbakoo's Burritos - Sample Store,Order,0C0D25721FBCA2F93A7F,Delivered,26.44,2.35,-6.61,-0.0,0,0,22.18,2026-09-21,DDP-38,
2026-09-18 13:00:00,Bubbakoo's Burritos - Sample Store,Order,E390433EC8493CFB5B3E,Delivered,29.69,2.63,-7.42,-0.0,0,0,24.9,2026-09-21,DDP-38,
2026-09-18 16:31:00,Bubbakoo's Burritos - Sample Store,Order,3BEDA32E1634C7349C2E,Delivered,24.26,2.15,-6.07,-0.0,0,0,20.34,2026-09-21,DDP-38,
2026-09-18 18:26:00,Bubbakoo's Burritos - Sample Store,Order,2A23ADBAA017BF653F6C,Delivered,26.97,2.39,-6.74,-0.0,0,0,22.62,2026-09-21,DDP-38,
2026-09-18 20:26:00,Bubbakoo's Burritos - Sample Store,Order,839C7BC18388D45D5E27,Delivered,19.18,1.7,-4.79,-0.0,0,0,16.09,2026-09-21,DDP-38,
2026-09-18 20:54:00,Bubbakoo's Burritos - Sample Store,Order,160C909DD4B32AAB5F54,Delivered,33.01,2.93,-8.25,-0.0,0,0,27.69,2026-09-21,DDP-38,
2026-09-18 12:01:00,Bubbakoo's Burritos - Sample Store,Order,D1D24C3E4B5AD6524DEB,Delivered,47.75,4.24,-11.94,-0.0,0,0,40.05,2026-09-21,DDP-38,
2026-09-18 13:39:00,Bubbakoo's Burritos - Sample Store,Order,224056F62CF83DF751B7,Delivered,36.5,3.24,-9.12,-0.0,0,0,30.62,2026-09-21,DDP-38,
2026-09-18 16:10:00,Bubbakoo's Burritos - Sample Store,Order,3D78B1778D57275452F5,Delivered,29.1,2.58,-7.28,-0.0,0,0,24.4,2026-09-21,DDP-38,
2026-09-18 18:47:00,Bubbakoo's Burritos - Sample Store,Order,C053A3BAC3E8ECE4183C,Delivered,51.62,4.58,-12.9,-0.0,0,0,43.3,2026-09-21,DDP-38,
2026-09-18 20:41:00,Bubbakoo's Burritos - Sample Store,Order,540C8009E008429026E6,Delivered,23.0,2.04,-5.75,-0.0,0,0,19.29,2026-09-21,DDP-38,
2026-09-18 12:43:00,Bubbakoo's Burritos - Sample Store,Order,CBCE4E6C6BE723C7CBAA,Delivered,19.46,1.73,-4.87,-0.0,0,0,16.32,2026-09-21,DDP-38,
2026-09-18 13:07:00,Bubbakoo's Burritos - Sample Store,Order,EC88ECA5275679D9A6C4,Delivered,28.46,2.53,-7.12,-0.0,0,0,23.87,2026-09-21,DDP-38,
2026-09-18 16:11:00,Bubbakoo's Burritos - Sample Store,Order,50877BEBBEDEEBA619ED,Delivered,26.1,2.32,-6.53,-0.0,0,0,21.89,2026-09-21,DDP-38,
2026-09-18 17:04:00,Bubbakoo's Burritos - Sample Store,Order,730C73585CCD2FCA973B,Delivered,46.72,4.15,-11.68,-0.0,0,0,39.19,2026-09-21,DDP-38,
2026-09-18 12:26:00,Bubbakoo's Burritos - Sample Store,Order,0A0994DB6E3A3491F6D6,Delivered,43.61,3.87,-10.9,-0.0,0,0,36.58,2026-09-21,DDP-38,
2026-09-18 18:00:00,Bubbakoo's Burritos - Sample Store,Order,EB7A54C02222189A1709,Delivered,53.94,4.79,-13.48,-0.0,0,0,45.25,2026-09-21,DDP-38,
2026-09-18 11:01:00,Bubbakoo's Burritos - Sample Store,Order,B92A1A9002B9D27D39B2,Delivered,54.74,4.86,-13.69,-0.0,0,0,45.91,2026-09-21,DDP-38,
2026-09-18 20:04:00,Bubbakoo's Burritos - Sample Store,Order,8708FCDFDA191EEB2800,Delivered,52.37,4.65,-13.09,-0.0,0,0,43.93,2026-09-21,DDP-38,
2026-09-18 11:04:00,Bubbakoo's Burritos - Sample Store,Order,50E33E24AE2F2BEC3B68,Delivered,56.15,4.98,-14.04,-0.0,0,0,47.09,2026-09-21,DDP-38,
2026-09-18 17:12:00,Bubbakoo's Burritos - Sample Store,Order,735D5FE69F9CE40EAF45,Delivered,31.5,2.8,-7.88,-0.0,0,0,26.42,2026-09-21,DDP-38,
2026-09-18 11:07:00,Bubbakoo's Burritos - Sample Store,Order,7D49467CB496E8A5B6D0,Delivered,44.46,3.95,-11.12,-0.0,0,0,37.29,2026-09-21,DDP-38,
2026-09-18 19:09:00,Bubbakoo's Burritos - Sample Store,Order,911EE72A5F768DA265D9,Delivered,44.55,3.95,-11.14,-0.0,0,0,37.36,2026-09-21,DDP-38,
2026-09-19 13:43:00,Bubbakoo's Burritos - Sample Store,Order,D097DC9FA16610F69898,Delivered,26.44,2.35,-6.61,-0.0,0,0,22.18,2026-09-21,DDP-38,
2026-09-19 19:35:00,Bubbakoo's Burritos - Sample Store,Order,C9B9B674A6F5C97089F4,Delivered,55.12,4.89,-13.78,-0.0,0,0,46.23,2026-09-21,DDP-38,
2026-09-19 12:06:00,Bubbakoo's Burritos - Sample Store,Order,BEAE46062E24C7E479FB,Delivered,14.34,1.27,-3.58,-0.0,0,0,12.03,2026-09-21,DDP-38,
2026-09-19 11:01:00,Bubbakoo's Burritos - Sample Store,Order,6E803D2E8574CFC7095E,Delivered,29.95,2.66,-7.49,-0.0,0,0,25.12,2026-09-21,DDP-38,
2026-09-19 13:01:00,Bubbakoo's Burritos - Sample Store,Error charge,6E803D2E8574CFC7095E,,0.0,0.0,0.0,0.0,0,0,-11.35,,,Incorrect item
2026-09-19 18:03:00,Bubbakoo's Burritos - Sample Store,Order,9EB5BE7EA641ED8B5B99,Delivered,26.29,2.33,-6.57,-0.0,0,0,22.05,2026-09-21,DDP-38,
2026-09-19 15:15:00,Bubbakoo's Burritos - Sample Store,Order,8026D716D86F011CE1D4,Cancelled,0.0,0.0,-0.0,-2.22,0,0,-2.22,2026-09-21,DDP-38,
2026-09-19 11:25:00,Bubbakoo's Burritos - Sample Store,Order,D5EC5BED862DF036F957,Delivered,47.63,4.23,-11.91,-0.0,0,0,39.95,2026-09-21,DDP-38,
2026-09-19 18:42:00,Bubbakoo's Burritos - Sample Store,Order,D56E6378D4B4B3CD285E,Delivered,17.65,1.57,-4.41,-0.0,0,0,14.81,2026-09-21,DDP-38,
2026-09-19 11:20:00,Bubbakoo's Burritos - Sample Store,Order,114EEE4A049DDECD5950,Delivered,24.51,2.18,-6.13,-0.0,0,0,20.56,2026-09-21,DDP-38,
2026-09-19 19:56:00,Bubbakoo's Burritos - Sample Store,Order,7AC4BBA1B9CE5BCBC9FB,Delivered,30.62,2.72,-7.66,-0.0,0,0,25.68,2026-09-21,DDP-38,
2026-09-19 17:38:00,Bubbakoo's Burritos - Sample Store,Order,A100C996D44728CB8807,Delivered,15.36,1.36,-3.84,-0.0,0,0,12.88,2026-09-21,DDP-38,
2026-09-19 13:03:00,Bubbakoo's Burritos - Sample Store,Order,FB9D5328B03958F8007C,Delivered,43.25,3.84,-10.81,-0.0,0,0,36.28,2026-09-21,DDP-38,
2026-09-19 20:02:00,Bubbakoo's Burritos - Sample Store,Order,0209E1DDF6A048B2A263,Delivered,47.4,4.21,-11.85,-0.0,0,0,39.76,2026-09-21,DDP-38,
2026-09-19 16:32:00,Bubbakoo's Burritos - Sample Store,Order,0F702302DC3491D3FD0F,Delivered,57.9,5.14,-14.47,-0.0,0,0,48.57,2026-09-21,DDP-38,
2026-09-19 14:23:00,Bubbakoo's Burritos - Sample Store,Order,33D6FB36C466DB3701D0,Delivered,43.99,3.9,-11.0,-0.0,0,0,36.89,2026-09-21,DDP-38,
2026-09-19 14:57:00,Bubbakoo's Burritos - Sample Store,Order,6346D979BCB903D956BC,Delivered,25.54,2.27,-6.38,-0.0,0,0,21.43,2026-09-21,DDP-38,
2026-09-19 12:18:00,Bubbakoo's Burritos - Sample Store,Order,1F91D6248A987CDD4FB3,Delivered,15.29,1.36,-3.82,-0.0,0,0,12.83,2026-09-21,DDP-38,
2026-09-19 12:29:00,Bubbakoo's Burritos - Sample Store,Order,0968366634B72A5E0835,Delivered,45.37,4.03,-11.34,-0.0,0,0,38.06,2026-09-21,DDP-38,
2026-09-19 20:38:00,Bubbakoo's Burritos - Sample Store,Order,26081FE4586DB6A144DB,Delivered,30.78,2.73,-7.7,-0.0,0,0,25.81,2026-09-21,DDP-38,
2026-09-19 18:39:00,Bubbakoo's Burritos - Sample Store,Order,DB2BF83F0F21434B7765,Delivered,23.42,2.08,-5.86,-0.0,0,0,19.64,2026-09-21,DDP-38,
2026-09-19 20:51:00,Bubbakoo's Burritos - Sample Store,Order,C90C422CCA58028395CC,Delivered,42.23,3.75,-10.56,-0.0,0,0,35.42,2026-09-21,DDP-38,
2026-09-19 12:15:00,Bubbakoo's Burritos - Sample Store,Order,A3E49592A87500E0BC0A,Delivered,16.26,1.44,-4.07,-0.0,0,0,13.63,2026-09-21,DDP-38,
2026-09-19 11:06:00,Bubbakoo's Burritos - Sample Store,Order,3488FF92D1BA3EE361D6,Delivered,36.48,3.24,-9.12,-0.0,0,0,30.6,2026-09-21,DDP-38,
2026-09-19 13:06:00,Bubbakoo's Burritos - Sample Store,Error charge,3488FF92D1BA3EE361D6,,0.0,0.0,0.0,0.0,0,0,-8.65,,,Incorrect item
2026-09-19 18:04:00,Bubbakoo's Burritos - Sample Store,Order,04E749E1259D85A552F6,Delivered,23.37,2.07,-5.84,-0.0,0,0,19.6,2026-09-21,DDP-38,
2026-09-19 11:02:00,Bubbakoo's Burritos - Sample Store,Order,750CE91B78C5CB4EE68C,Delivered,41.57,3.69,-10.39,-0.0,0,0,34.87,2026-09-21,DDP-38,
2026-09-19 13:05:00,Bubbakoo's Burritos - Sample Store,Order,1E0860D4FD07B1DA8FAE,Delivered,55.32,4.91,-13.83,-0.0,0,0,46.4,2026-09-21,DDP-38,
2026-09-20 13:20:00,Bubbakoo's Burritos - Sample Store,Order,75D0F5B8F428C35B9523,Delivered,39.96,3.55,-9.99,-0.0,0,0,33.52,2026-09-21,DDP-38,
2026-09-20 16:16:00,Bubbakoo's Burritos - Sample Store,Order,EC2254840D330D33F062,Delivered,24.41,2.17,-6.1,-0.0,0,0,20.48,2026-09-21,DDP-38,
2026-09-20 15:20:00,Bubbakoo's Burritos - Sample Store,Order,DF9E03E6BE68FB33C790,Delivered,32.15,2.85,-8.04,-0.0,0,0,26.96,2026-09-21,DDP-38,
2026-09-20 18:41:00,Bubbakoo's Burritos - Sample Store,Order,84809E8952E7C26B74D0,Delivered,18.85,1.67,-4.71,-0.0,0,0,15.81,2026-09-21,DDP-38,
2026-09-20 17:52:00,Bubbakoo's Burritos - Sample Store,Order,10B1CDA1185163747BAF,Delivered,11.55,1.03,-2.89,-0.0,0,0,9.69,2026-09-21,DDP-38,
2026-09-20 12:47:00,Bubbakoo's Burritos - Sample Store,Order,A7125BF61614D31252D1,Delivered,21.7,1.93,-5.42,-0.0,0,0,18.21,2026-09-21,DDP-38,
2026-09-20 12:40:00,Bubbakoo's Burritos - Sample Store,Order,200254A9840DD5C8D1E5,Delivered,44.69,3.97,-11.17,-0.0,0,0,37.49,2026-09-21,DDP-38,
2026-09-20 16:35:00,Bubbakoo's Burritos - Sample Store,Order,1ECF455A160278C4B0FC,Delivered,15.41,1.37,-3.85,-0.0,0,0,12.93,2026-09-21,DDP-38,
2026-09-20 20:29:00,Bubbakoo's Burritos - Sample Store,Order,5A728E4DDD4CB5D45522,Delivered,56.52,5.02,-14.13,-0.0,0,0,47.41,2026-09-21,DDP-38,
2026-09-20 15:09:00,Bubbakoo's Burritos - Sample Store,Order,B13D99843745462536E0,Delivered,39.15,3.47,-9.79,-0.0,0,0,32.83,2026-09-21,DDP-38,
2026-09-20 17:09:00,Bubbakoo's Burritos - Sample Store,Error charge,B13D99843745462536E0,,0.0,0.0,0.0,0.0,0,0,-6.61,,,Missing item
2026-09-20 13:59:00,Bubbakoo's Burritos - Sample Store,Order,EAC32A1BDDE0F0C6359C,Delivered,23.32,2.07,-5.83,-0.0,0,0,19.56,2026-09-21,DDP-38,
2026-09-20 20:35:00,Bubbakoo's Burritos - Sample Store,Order,9B4B8D782E7000F60181,Delivered,57.13,5.07,-14.28,-0.0,0,0,47.92,2026-09-21,DDP-38,
2026-09-20 12:56:00,Bubbakoo's Burritos - Sample Store,Order,145A7ECA0CB3863FA72F,Delivered,15.74,1.4,-3.94,-0.0,0,0,13.2,2026-09-21,DDP-38,
2026-09-20 20:19:00,Bubbakoo's Burritos - Sample Store,Order,94BC4E1B08505063F6BC,Delivered,27.98,2.64,-7.44,-0.0,0,0,23.18,2026-09-21,DDP-38,
2026-09-20 11:12:00,Bubbakoo's Burritos - Sample Store,Order,42D51E8C81F25C92DE82,Delivered,44.51,3.95,-11.13,-0.0,0,0,37.33,2026-09-21,DDP-38,
2026-09-20 12:34:00,Bubbakoo's Burritos - Sample Store,Order,0773B17C8292A7E62179,Delivered,24.57,2.18,-6.14,-0.0,0,0,20.61,2026-09-21,DDP-38,
2026-09-20 15:05:00,Bubbakoo's Burritos - Sample Store,Order,4D1138D2D63AB4C322F3,Delivered,27.71,2.46,-6.93,-0.0,0,0,23.24,2026-09-21,DDP-38,
2026-09-20 11:26:00,Bubbakoo's Burritos - Sample Store,Order,9DF6B81E564031DB4CC5,Delivered,51.25,4.55,-12.81,-0.0,0,0,42.99,2026-09-21,DDP-38,
2026-09-20 17:13:00,Bubbakoo's Burritos - Sample Store,Order,95D9087175C8C442AE43,Delivered,21.79,1.93,-5.45,-0.0,0,0,18.27,2026-09-21,DDP-38,
2026-09-20 16:09:00,Bubbakoo's Burritos - Sample Store,Order,7C1EAD1EEC9D1B037D2D,Delivered,41.08,3.65,-10.27,-0.0,0,0,34.46,2026-09-21,DDP-38,
2026-09-21 20:55:00,Bubbakoo's Burritos - Sample Store,Order,B85C85E4E60C38E3303C,Delivered,14.49,1.29,-3.62,-0.0,0,0,12.16,2026-09-28,DDP-39,
2026-09-21 14:19:00,Bubbakoo's Burritos - Sample Store,Order,8FA87F195187DBC50FC0,Delivered,38.11,3.38,-9.53,-0.0,0,0,31.96,2026-09-28,DDP-39,
2026-09-21 13:18:00,Bubbakoo's Burritos - Sample Store,Order,778BBB798C2AD8553019,Delivered,55.53,4.93,-13.88,-0.0,0,0,46.58,2026-09-28,DDP-39,
2026-09-21 19:12:00,Bubbakoo's Burritos - Sample Store,Order,7B3D100C4A69ED7F3330,Delivered,50.48,4.56,-12.84,-0.0,0,0,42.2,2026-09-28,DDP-39,
2026-09-21 20:52:00,Bubbakoo's Burritos - Sample Store,Order,5D88F83F636489CDFE0E,Delivered,55.65,4.94,-13.91,-0.0,0,0,46.68,2026-09-28,DDP-39,
2026-09-21 20:20:00,Bubbakoo's Burritos - Sample Store,Order,A7634A1046FD91B48D8D,Delivered,32.63,2.9,-8.16,-0.0,0,0,27.37,2026-09-28,DDP-39,
2026-09-21 13:29:00,Bubbakoo's Burritos - Sample Store,Order,6E9D7C3F67FB1A59CC76,Delivered,33.04,3.19,-8.97,-0.0,0,0,27.26,2026-09-28,DDP-39,
2026-09-21 20:23:00,Bubbakoo's Burritos - Sample Store,Order,1BC954146BE97A6E80A1,Delivered,17.86,1.59,-4.46,-0.0,0,0,14.99,2026-09-28,DDP-39,
2026-09-21 19:53:00,Bubbakoo's Burritos - Sample Store,Order,30BD740E83790B43F3FD,Delivered,51.12,4.54,-12.78,-0.0,0,0,42.88,2026-09-28,DDP-39,
2026-09-21 16:55:00,Bubbakoo's Burritos - Sample Store,Order,2E7598BC5D45CBABD3C3,Delivered,12.86,1.14,-3.21,-0.0,0,0,10.79,2026-09-28,DDP-39,
2026-09-21 15:47:00,Bubbakoo's Burritos - Sample Store,Order,B5482B55A2B931C96960,Delivered,53.1,4.71,-13.28,-0.0,0,0,44.53,2026-09-28,DDP-39,
2026-09-21 18:19:00,Bubbakoo's Burritos - Sample Store,Order,258E15687B534D601CBB,Delivered,30.83,2.74,-7.71,-0.0,0,0,25.86,2026-09-28,DDP-39,
2026-09-21 14:59:00,Bubbakoo's Burritos - Sample Store,Order,D59CC0713EE9560CCCB8,Delivered,53.68,4.76,-13.42,-0.0,0,0,45.02,2026-09-28,DDP-39,
2026-09-21 12:25:00,Bubbakoo's Burritos - Sample Store,Order,DDD966376DBD19807E44,Delivered,49.09,4.36,-12.27,-0.0,0,0,41.18,2026-09-28,DDP-39,
2026-09-21 17:13:00,Bubbakoo's Burritos - Sample Store,Order,A39036581DF1FF935F9A,Delivered,33.35,2.96,-8.34,-0.0,0,0,27.97,2026-09-28,DDP-39,
2026-09-21 16:18:00,Bubbakoo's Burritos - Sample Store,Order,05558CF84098D9B5FDA5,Delivered,28.49,2.53,-7.12,-0.0,0,0,23.9,2026-09-28,DDP-39,
2026-09-21 17:23:00,Bubbakoo's Burritos - Sample Store,Order,2A938E3AF1CD922974B1,Delivered,56.24,4.99,-14.06,-0.0,0,0,47.17,2026-09-28,DDP-39,
2026-09-21 19:23:00,Bubbakoo's Burritos - Sample Store,Error charge,2A938E3AF1CD922974B1,,0.0,0.0,0.0,0.0,0,0,-7.86,,,Order never arrived
2026-09-21 16:21:00,Bubbakoo's Burritos - Sample Store,Order,AAEA59D2254F22F794C2,Delivered,31.51,2.8,-7.88,-0.0,0,0,26.43,2026-09-28,DDP-39,
2026-09-21 18:18:00,Bubbakoo's Burritos - Sample Store,Order,D3CD66C24B4115DBC473,Delivered,38.01,3.37,-9.5,-0.0,0,0,31.88,2026-09-28,DDP-39,
2026-09-21 14:34:00,Bubbakoo's Burritos - Sample Store,Order,535CE4B6C51BDF328E0E,Delivered,50.17,4.45,-12.54,-0.0,0,0,42.08,2026-09-28,DDP-39,
2026-09-21 17:25:00,Bubbakoo's Burritos - Sample Store,Order,0C6F402BCD7018B531A4,Delivered,19.71,1.75,-4.93,-0.0,0,0,16.53,2026-09-28,DDP-39,
2026-09-21 20:15:00,Bubbakoo's Burritos - Sample Store,Order,51EEAE077914B64683A8,Delivered,34.35,3.05,-8.59,-0.0,0,0,28.81,2026-09-28,DDP-39,
2026-09-21 17:35:00,Bubbakoo's Burritos - Sample Store,Order,0B7B653F58DC047BE050,Delivered,52.5,4.66,-13.12,-0.0,0,0,44.04,2026-09-28,DDP-39,
2026-09-21 11:55:00,Bubbakoo's Burritos - Sample Store,Order,225BEA90088079118A4A,Delivered,36.97,3.28,-9.24,-0.0,0,0,31.01,2026-09-28,DDP-39,
2026-09-21 11:22:00,Bubbakoo's Burritos - Sample Store,Order,9CDE7073F7740DAEA751,Delivered,50.16,4.45,-12.54,-0.0,0,0,42.07,2026-09-28,DDP-39,
2026-09-21 11:13:00,Bubbakoo's Burritos - Sample Store,Order,DBA18586DEA36E7C7D22,Delivered,30.25,2.68,-7.56,-0.0,0,0,25.37,2026-09-28,DDP-39,
2026-09-22 20:33:00,Bubbakoo's Burritos - Sample Store,Order,4715631687318406C3CE,Delivered,53.13,4.72,-13.28,-0.0,0,0,44.57,2026-09-28,DDP-39,
2026-09-22 12:16:00,Bubbakoo's Burritos - Sample Store,Order,7A44B9232B1BA50926E1,Delivered,35.93,3.19,-8.98,-0.0,0,0,30.14,2026-09-28,DDP-39,
2026-09-22 14:16:00,Bubbakoo's Burritos - Sample Store,Error charge,7A44B9232B1BA50926E1,,0.0,0.0,0.0,0.0,0,0,-16.8,,,Order never arrived
2026-09-22 13:12:00,Bubbakoo's Burritos - Sample Store,Order,0E7FF625C3120472B25B,Delivered,20.45,1.81,-5.11,-0.0,0,0,17.15,2026-09-28,DDP-39,
2026-09-22 14:37:00,Bubbakoo's Burritos - Sample Store,Order,213F2957789C9121815E,Delivered,27.8,2.47,-6.95,-0.0,0,0,23.32,2026-09-28,DDP-39,
2026-09-22 13:55:00,Bubbakoo's Burritos - Sample Store,Order,90A2BBE93C22A2B5E511,Delivered,34.24,3.04,-8.56,-0.0,0,0,28.72,2026-09-28,DDP-39,
2026-09-22 14:45:00,Bubbakoo's Burritos - Sample Store,Order,530FD9D40633D8B89D35,Delivered,44.88,3.98,-11.22,-0.0,0,0,37.64,2026-09-28,DDP-39,
2026-09-22 12:29:00,Bubbakoo's Burritos - Sample Store,Order,A1D33E7B5A2ADF0981F8,Delivered,27.92,2.48,-6.98,-0.0,0,0,23.42,2026-09-28,DDP-39,
2026-09-22 13:23:00,Bubbakoo's Burritos - Sample Store,Order,04163CACD46F5616C082,Delivered,21.57,1.91,-5.39,-0.0,0,0,18.09,2026-09-28,DDP-39,
2026-09-22 16:36:00,Bubbakoo's Burritos - Sample Store,Order,BFCB35F68EEF1A887A12,Delivered,11.3,1.0,-2.83,-0.0,0,0,9.47,2026-09-28,DDP-39,
2026-09-22 19:19:00,Bubbakoo's Burritos - Sample Store,Order,9E75D577E5130296775A,Delivered,20.69,1.84,-5.17,-0.0,0,0,17.36,2026-09-28,DDP-39,
2026-09-22 15:33:00,Bubbakoo's Burritos - Sample Store,Order,BAF184B1EED017D8F881,Delivered,37.04,3.29,-9.26,-0.0,0,0,31.07,2026-09-28,DDP-39,
2026-09-22 15:56:00,Bubbakoo's Burritos - Sample Store,Order,129B367A7224DCC79F63,Delivered,34.88,3.1,-8.72,-0.0,0,0,29.26,2026-09-28,DDP-39,
2026-09-22 15:30:00,Bubbakoo's Burritos - Sample Store,Order,056B9469E1C6C900662D,Delivered,44.44,3.94,-11.11,-0.0,0,0,37.27,2026-09-28,DDP-39,
2026-09-22 20:12:00,Bubbakoo's Burritos - Sample Store,Order,F1F55711E6E2BB5E64FE,Delivered,43.27,3.84,-10.82,-0.0,0,0,36.29,2026-09-28,DDP-39,
2026-09-22 19:30:00,Bubbakoo's Burritos - Sample Store,Order,42D53CE4F3CE3087373B,Delivered,35.34,3.14,-8.84,-0.0,0,0,29.64,2026-09-28,DDP-39,
2026-09-22 12:19:00,Bubbakoo's Burritos - Sample Store,Order,84BD5532AA9BBF752E41,Delivered,34.97,3.1,-8.74,-0.0,0,0,29.33,2026-09-28,DDP-39,
2026-09-22 14:30:00,Bubbakoo's Burritos - Sample Store,Order,414753FE4913F44B13D8,Delivered,27.45,2.44,-6.86,-0.0,0,0,23.03,2026-09-28,DDP-39,
2026-09-22 13:10:00,Bubbakoo's Burritos - Sample Store,Order,87AB19055F2A31E06F51,Delivered,23.08,2.05,-5.77,-0.0,0,0,19.36,2026-09-28,DDP-39,
2026-09-22 11:10:00,Bubbakoo's Burritos - Sample Store,Order,69D346B043BC905CB98B,Delivered,16.19,1.44,-4.05,-0.0,0,0,13.58,2026-09-28,DDP-39,
2026-09-22 16:25:00,Bubbakoo's Burritos - Sample Store,Order,D532AA85B9EEAD51136F,Delivered,50.22,4.46,-12.55,-0.0,0,0,42.13,2026-09-28,DDP-39,
2026-09-22 14:53:00,Bubbakoo's Burritos - Sample Store,Order,7043B374BD6965CCCE10,Delivered,17.0,1.51,-4.25,-0.0,0,0,14.26,2026-09-28,DDP-39,
2026-09-22 12:21:00,Bubbakoo's Burritos - Sample Store,Order,AACB257B732866611DDA,Delivered,11.68,1.04,-2.92,-0.0,0,0,9.8,2026-09-28,DDP-39,
2026-09-22 16:23:00,Bubbakoo's Burritos - Sample Store,Order,9DFB723D0D5F0508FDF9,Delivered,46.35,4.11,-11.59,-0.0,0,0,38.87,2026-09-28,DDP-39,
2026-09-22 15:59:00,Bubbakoo's Burritos - Sample Store,Order,DA6AF5296BE7B7E6A828,Delivered,55.9,4.96,-13.97,-0.0,0,0,46.89,2026-09-28,DDP-39,
2026-09-22 14:06:00,Bubbakoo's Burritos - Sample Store,Order,81999DC496C99CD6B906,Delivered,43.28,3.84,-10.82,-0.0,0,0,36.3,2026-09-28,DDP-39,
2026-09-22 12:04:00,Bubbakoo's Burritos - Sample Store,Order,9BA370639290A98244CE,Delivered,15.98,1.42,-4.0,-0.0,0,0,13.4,2026-09-28,DDP-39,
2026-09-23 15:15:00,Bubbakoo's Burritos - Sample Store,Order,E316FC2DF771E4A0006C,Delivered,43.73,3.88,-10.93,-0.0,0,0,36.68,2026-09-28,DDP-39,
2026-09-23 18:13:00,Bubbakoo's Burritos - Sample Store,Order,977E18B69E4D158E2514,Delivered,40.77,3.62,-10.19,-0.0,0,0,34.2,2026-09-28,DDP-39,
2026-09-23 14:04:00,Bubbakoo's Burritos - Sample Store,Order,8D282421D96B23A20A0E,Delivered,22.73,2.02,-5.68,-0.0,0,0,19.07,2026-09-28,DDP-39,
2026-09-23 12:29:00,Bubbakoo's Burritos - Sample Store,Order,AA54AD3528D108F71128,Delivered,24.43,2.17,-6.11,-0.0,0,0,20.49,2026-09-28,DDP-39,
2026-09-23 12:40:00,Bubbakoo's Burritos - Sample Store,Order,CC66CCD6497335B28B48,Delivered,50.74,4.5,-12.69,-0.0,0,0,42.55,2026-09-28,DDP-39,
2026-09-23 19:39:00,Bubbakoo's Burritos - Sample Store,Order,477F3DCC6072B5A032E5,Delivered,45.61,4.05,-11.4,-0.0,0,0,38.26,2026-09-28,DDP-39,
2026-09-23 13:38:00,Bubbakoo's Burritos - Sample Store,Order,776A14A4976D91B209EB,Delivered,16.91,1.5,-4.23,-0.0,0,0,14.18,2026-09-28,DDP-39,
2026-09-23 14:22:00,Bubbakoo's Burritos - Sample Store,Order,B1D075465CA2970EA3DA,Delivered,22.93,2.04,-5.73,-0.0,0,0,19.24,2026-09-28,DDP-39,
2026-09-23 16:22:00,Bubbakoo's Burritos - Sample Store,Error charge,B1D075465CA2970EA3DA,,0.0,0.0,0.0,0.0,0,0,-12.18,,,Order never arrived
2026-09-23 18:07:00,Bubbakoo's Burritos - Sample Store,Order,752DEBA284036A0BBE4D,Delivered,54.51,4.84,-13.63,-0.0,0,0,45.72,2026-09-28,DDP-39,
2026-09-23 18:03:00,Bubbakoo's Burritos - Sample Store,Order,389EE0020786628164E8,Delivered,20.76,1.84,-5.19,-0.0,0,0,17.41,2026-09-28,DDP-39,
2026-09-23 14:49:00,Bubbakoo's Burritos - Sample Store,Order,3770471E840966FF15F6,Delivered,50.74,4.5,-12.69,-0.0,0,0,42.55,2026-09-28,DDP-39,
2026-09-23 19:29:00,Bubbakoo's Burritos - Sample Store,Order,07C6532D1CF37000D808,Delivered,41.7,3.7,-10.43,-0.0,0,0,34.97,2026-09-28,DDP-39,
2026-09-23 13:29:00,Bubbakoo's Burritos - Sample Store,Order,98CB9086C0BEEB5D9504,Delivered,46.51,4.13,-11.63,-0.0,0,0,39.01,2026-09-28,DDP-39,
2026-09-23 14:14:00,Bubbakoo's Burritos - Sample Store,Order,B9ED6BA0C7059FC4B48D,Delivered,54.81,4.86,-13.7,-0.0,0,0,45.97,2026-09-28,DDP-39,
2026-09-23 17:50:00,Bubbakoo's Burritos - Sample Store,Order,0E35DAE1C662C6254C62,Delivered,53.75,4.77,-13.44,-0.0,0,0,45.08,2026-09-28,DDP-39,
2026-09-23 15:48:00,Bubbakoo's Burritos - Sample Store,Order,D15D03EEDE0A71751538,Delivered,30.69,2.72,-7.67,-0.0,0,0,25.74,2026-09-28,DDP-39,
2026-09-23 20:18:00,Bubbakoo's Burritos - Sample Store,Order,2D5551D3253A528ECE1E,Delivered,27.1,2.41,-6.78,-0.0,0,0,22.73,2026-09-28,DDP-39,
2026-09-23 20:31:00,Bubbakoo's Burritos - Sample Store,Order,A852EC15BC5488146D46,Delivered,19.52,1.73,-4.88,-0.0,0,0,16.37,2026-09-28,DDP-39,
2026-09-23 13:15:00,Bubbakoo's Burritos - Sample Store,Order,4CBA1F54FDDB7B5B1D4C,Delivered,54.87,4.87,-13.72,-0.0,0,0,46.02,2026-09-28,DDP-39,
2026-09-23 19:52:00,Bubbakoo's Burritos - Sample Store,Order,0A7BB97D679FB1AA3188,Delivered,16.19,1.44,-4.05,-0.0,0,0,13.58,2026-09-28,DDP-39,
2026-09-23 14:04:00,Bubbakoo's Burritos - Sample Store,Order,F5E594588D3C92FB8D1F,Delivered,14.69,1.3,-3.67,-0.0,0,0,12.32,2026-09-28,DDP-39,
2026-09-23 15:18:00,Bubbakoo's Burritos - Sample Store,Order,B4E413E241AE832977DF,Delivered,44.23,3.93,-11.06,-0.0,0,0,37.1,2026-09-28,DDP-39,
2026-09-24 14:22:00,Bubbakoo's Burritos - Sample Store,Order,F252A5DBAB28969AEFBE,Delivered,35.89,3.19,-8.97,-0.0,0,0,30.11,2026-09-28,DDP-39,
2026-09-24 19:17:00,Bubbakoo's Burritos - Sample Store,Order,6E765A602D69445BBF43,Delivered,15.99,1.42,-4.0,-0.0,0,0,13.41,2026-09-28,DDP-39,
2026-09-24 20:53:00,Bubbakoo's Burritos - Sample Store,Order,CD96F458FFAB9E2EF971,Delivered,54.95,4.88,-13.74,-0.0,0,0,46.09,2026-09-28,DDP-39,
2026-09-24 12:05:00,Bubbakoo's Burritos - Sample Store,Order,A95BA4A30F78B972EEF1,Delivered,36.26,3.22,-9.06,-0.0,0,0,30.42,2026-09-28,DDP-39,
2026-09-24 14:47:00,Bubbakoo's Burritos - Sample Store,Order,7390A43A4A36F94CBE38,Delivered,18.13,1.61,-4.53,-0.0,0,0,15.21,2026-09-28,DDP-39,
2026-09-24 18:41:00,Bubbakoo's Burritos - Sample Store,Order,AC4BC44D9E47B96B5B9D,Delivered,23.33,2.07,-5.83,-0.0,0,0,19.57,2026-09-28,DDP-39,
2026-09-24 14:55:00,Bubbakoo's Burritos - Sample Store,Order,632E910FE267E40D0FD1,Delivered,27.8,2.47,-6.95,-0.0,0,0,23.32,2026-09-28,DDP-39,
2026-09-24 11:08:00,Bubbakoo's Burritos - Sample Store,Order,546F7F4227952517C6BC,Delivered,19.18,1.7,-4.79,-0.0,0,0,16.09,2026-09-28,DDP-39,
2026-09-24 13:23:00,Bubbakoo's Burritos - Sample Store,Order,46369121FA7DD9156F33,Delivered,34.01,3.02,-8.5,-0.0,0,0,28.53,2026-09-28,DDP-39,
2026-09-24 12:44:00,Bubbakoo's Burritos - Sample Store,Order,E9F2056DB7B3B65E8EFB,Delivered,13.83,1.23,-3.46,-0.0,0,0,11.6,2026-09-28,DDP-39,
2026-09-24 13:24:00,Bubbakoo's Burritos - Sample Store,Order,4562E6508DF106743FF8,Delivered,17.08,1.52,-4.27,-0.0,0,0,14.33,2026-09-28,DDP-39,
2026-09-24 11:03:00,Bubbakoo's Burritos - Sample Store,Order,E2BC0CF39BC8B2B9F661,Delivered,33.9,3.01,-8.47,-0.0,0,0,28.44,2026-09-28,DDP-39,
2026-09-24 20:11:00,Bubbakoo's Burritos - Sample Store,Order,F0E05807C969B72FA429,Delivered,21.86,1.94,-5.46,-0.0,0,0,18.34,2026-09-28,DDP-39,
2026-09-24 13:37:00,Bubbakoo's Burritos - Sample Store,Order,6A564605EBB99CDB449A,Delivered,48.4,4.41,-12.41,-0.0,0,0,40.4,2026-09-28,DDP-39,
2026-09-24 20:12:00,Bubbakoo's Burritos - Sample Store,Order,5792920FDC3B0F13B7CC,Delivered,45.19,4.01,-11.3,-0.0,0,0,37.9,2026-09-28,DDP-39,
2026-09-24 16:07:00,Bubbakoo's Burritos - Sample Store,Order,29D7A7BC5E8EC8BE03DD,Delivered,43.04,3.82,-10.76,-0.0,0,0,36.1,2026-09-28,DDP-39,
2026-09-24 15:52:00,Bubbakoo's Burritos - Sample Store,Order,278AAF33789DE302A6FD,Delivered,29.54,2.62,-7.38,-0.0,0,0,24.78,2026-09-28,DDP-39,
2026-09-24 18:02:00,Bubbakoo's Burritos - Sample Store,Order,924EA876A2FCC10362B5,Delivered,55.19,4.9,-13.8,-0.0,0,0,46.29,2026-09-28,DDP-39,
2026-09-24 16:24:00,Bubbakoo's Burritos - Sample Store,Order,F13789BB56576147B022,Delivered,12.35,1.1,-3.09,-0.0,0,0,10.36,2026-09-28,DDP-39,
2026-09-24 20:38:00,Bubbakoo's Burritos - Sample Store,Order,C00B14332415D5578493,Delivered,26.15,2.32,-6.54,-0.0,0,0,21.93,2026-09-28,DDP-39,
2026-09-24 20:10:00,Bubbakoo's Burritos - Sample Store,Order,A480D2855A0248F762AE,Delivered,46.68,4.14,-11.67,-0.0,0,0,39.15,2026-09-28,DDP-39,
2026-09-24 19:27:00,Bubbakoo's Burritos - Sample Store,Order,B8D1DCDF7463E89E966D,Delivered,49.77,4.42,-12.44,-0.0,0,0,41.75,2026-09-28,DDP-39,
2026-09-24 14:38:00,Bubbakoo's Burritos - Sample Store,Order,6414C4AD453DB0AE4B23,Delivered,40.47,3.59,-10.12,-0.0,0,0,33.94,2026-09-28,DDP-39,
2026-09-24 17:21:00,Bubbakoo's Burritos - Sample Store,Order,210CEF0865290DCCFB91,Delivered,38.69,3.43,-9.67,-0.0,0,0,32.45,2026-09-28,DDP-39,
2026-09-24 15:50:00,Bubbakoo's Burritos - Sample Store,Order,12476F42FED04DF7E2B2,Delivered,38.47,3.41,-9.62,-0.0,0,0,32.26,2026-09-28,DDP-39,
2026-09-24 17:50:00,Bubbakoo's Burritos - Sample Store,Error charge,12476F42FED04DF7E2B2,,0.0,0.0,0.0,0.0,0,0,-12.32,,,Cold food
2026-09-24 14:57:00,Bubbakoo's Burritos - Sample Store,Order,AEADED78F78CC5CFB528,Delivered,28.09,2.49,-7.02,-0.0,0,0,23.56,2026-09-28,DDP-39,
2026-09-25 20:24:00,Bubbakoo's Burritos - Sample Store,Order,8C74A523C4B973F6AF7A,Delivered,43.77,3.88,-10.94,-0.0,0,0,36.71,2026-09-28,DDP-39,
2026-09-25 22:24:00,Bubbakoo's Burritos - Sample Store,Error charge,8C74A523C4B973F6AF7A,,0.0,0.0,0.0,0.0,0,0,-25.56,,,Cold food
2026-09-25 17:58:00,Bubbakoo's Burritos - Sample Store,Order,28C622659F9BD47AD32B,Delivered,39.03,3.46,-9.76,-0.0,0,0,32.73,2026-09-28,DDP-39,
2026-09-25 19:11:00,Bubbakoo's Burritos - Sample Store,Order,1B4F04584055263E31F4,Delivered,50.69,4.5,-12.67,-0.0,0,0,42.52,2026-09-28,DDP-39,
2026-09-25 20:01:00,Bubbakoo's Burritos - Sample Store,Order,49FDBC4C73CC21F92C04,Delivered,51.68,4.59,-12.92,-0.0,0,0,43.35,2026-09-28,DDP-39,
2026-09-25 20:07:00,Bubbakoo's Burritos - Sample Store,Order,7F82621D946855DB6CA0,Delivered,18.07,1.6,-4.52,-0.0,0,0,15.15,2026-09-28,DDP-39,
2026-09-25 12:07:00,Bubbakoo's Burritos - Sample Store,Order,291211A519311F35B0CC,Delivered,23.89,2.12,-5.97,-0.0,0,0,20.04,2026-09-28,DDP-39,
2026-09-25 17:00:00,Bubbakoo's Burritos - Sample Store,Order,C0D143F4EFA5D192E8DD,Delivered,52.25,4.64,-13.06,-0.0,0,0,43.83,2026-09-28,DDP-39,
2026-09-25 17:47:00,Bubbakoo's Burritos - Sample Store,Order,67E07007E44DE90B4D0E,Delivered,54.65,4.85,-13.66,-0.0,0,0,45.84,2026-09-28,DDP-39,
2026-09-25 16:44:00,Bubbakoo's Burritos - Sample Store,Order,153F136935C5433FE6C4,Delivered,31.36,2.78,-7.84,-0.0,0,0,26.3,2026-09-28,DDP-39,
2026-09-25 14:45:00,Bubbakoo's Burritos - Sample Store,Order,3E59E443C5F56F96989C,Delivered,24.35,2.16,-6.09,-0.0,0,0,20.42,2026-09-28,DDP-39,
2026-09-25 14:46:00,Bubbakoo's Burritos - Sample Store,Order,540D720BEDEAEB7F4D97,Delivered,33.72,2.99,-8.43,-0.0,0,0,28.28,2026-09-28,DDP-39,
2026-09-25 18:51:00,Bubbakoo's Burritos - Sample Store,Order,64F3F658C7D9F3CC175F,Delivered,40.39,3.58,-10.1,-0.0,0,0,33.87,2026-09-28,DDP-39,
2026-09-25 19:56:00,Bubbakoo's Burritos - Sample Store,Order,A276CB0AB0CAC06E304C,Delivered,33.91,3.01,-8.48,-0.0,0,0,28.44,2026-09-28,DDP-39,
2026-09-25 15:29:00,Bubbakoo's Burritos - Sample Store,Order,0C9B8A55BC7C71279906,Delivered,34.32,3.05,-8.58,-0.0,0,0,28.79,2026-09-28,DDP-39,
2026-09-25 20:27:00,Bubbakoo's Burritos - Sample Store,Order,195C5F049899B7311E16,Delivered,52.28,4.64,-13.07,-0.0,0,0,43.85,2026-09-28,DDP-39,
2026-09-25 16:29:00,Bubbakoo's Burritos - Sample Store,Order,734F53391684C6CE963D,Delivered,20.67,1.83,-5.17,-0.0,0,0,17.33,2026-09-28,DDP-39,
2026-09-25 20:16:00,Bubbakoo's Burritos - Sample Store,Order,CFEEB1483AE77456041C,Delivered,42.51,3.77,-10.63,-0.0,0,0,35.65,2026-09-28,DDP-39,
2026-09-25 20:29:00,Bubbakoo's Burritos - Sample Store,Order,9F6A7C5436DB82FABD68,Delivered,37.76,3.48,-9.81,-0.0,0,0,31.43,2026-09-28,DDP-39,
2026-09-25 14:44:00,Bubbakoo's Burritos - Sample Store,Order,2CA5F43EDB36D10522E3,Delivered,46.54,4.13,-11.63,-0.0,0,0,39.04,2026-09-28,DDP-39,
2026-09-26 18:26:00,Bubbakoo's Burritos - Sample Store,Order,8702D2CCA19ABD6A25D5,Delivered,54.98,4.88,-13.74,-0.0,0,0,46.12,2026-09-28,DDP-39,
2026-09-26 14:09:00,Bubbakoo's Burritos - Sample Store,Order,9E3F810EDE4FEF22D603,Delivered,40.13,3.56,-10.03,-0.0,0,0,33.66,2026-09-28,DDP-39,
2026-09-26 19:09:00,Bubbakoo's Burritos - Sample Store,Order,00ADB57FFD34EE116E1B,Delivered,35.69,3.17,-8.92,-0.0,0,0,29.94,2026-09-28,DDP-39,
2026-09-26 17:52:00,Bubbakoo's Burritos - Sample Store,Order,E42DC90314CDAB8A6C3F,Delivered,32.22,2.86,-8.05,-0.0,0,0,27.03,2026-09-28,DDP-39,
2026-09-26 13:25:00,Bubbakoo's Burritos - Sample Store,Order,FFF05A668562F44A58F9,Delivered,14.6,1.3,-3.65,-0.0,0,0,12.25,2026-09-28,DDP-39,
2026-09-26 13:17:00,Bubbakoo's Burritos - Sample Store,Order,E6336E526448333A215D,Delivered,43.96,3.9,-10.99,-0.0,0,0,36.87,2026-09-28,DDP-39,
2026-09-26 17:56:00,Bubbakoo's Burritos - Sample Store,Order,1E53C3D44DB57B52989E,Delivered,19.81,1.76,-4.95,-0.0,0,0,16.62,2026-09-28,DDP-39,
2026-09-26 16:40:00,Bubbakoo's Burritos - Sample Store,Order,CB86C18E7621EF90EB33,Delivered,43.65,3.87,-10.91,-0.0,0,0,36.61,2026-09-28,DDP-39,
2026-09-26 17:16:00,Bubbakoo's Burritos - Sample Store,Order,EBDB9A80876778C81F1A,Delivered,43.48,3.86,-10.87,-0.0,0,0,36.47,2026-09-28,DDP-39,
2026-09-26 20:52:00,Bubbakoo's Burritos - Sample Store,Order,C3457B1526EC30B5DD3F,Delivered,44.58,3.96,-11.14,-0.0,0,0,37.4,2026-09-28,DDP-39,
2026-09-26 15:10:00,Bubbakoo's Burritos - Sample Store,Order,4410F0C5E1957925CE87,Delivered,45.48,4.04,-11.37,-0.0,0,0,38.15,2026-09-28,DDP-39,
2026-09-26 17:19:00,Bubbakoo's Burritos - Sample Store,Order,CE19CCCE430591BA9652,Delivered,23.19,2.06,-5.8,-0.0,0,0,19.45,2026-09-28,DDP-39,
2026-09-26 19:53:00,Bubbakoo's Burritos - Sample Store,Order,4A733FB52D268ECD2BBB,Delivered,51.33,4.56,-12.83,-0.0,0,0,43.06,2026-09-28,DDP-39,
2026-09-26 20:43:00,Bubbakoo's Burritos - Sample Store,Order,CC35021AA43B761B654D,Delivered,50.36,4.47,-12.59,-0.0,0,0,42.24,2026-09-28,DDP-39,
2026-09-26 16:37:00,Bubbakoo's Burritos - Sample Store,Order,D98E96FF8DD75E6C28EE,Delivered,55.23,4.9,-13.81,-0.0,0,0,46.32,2026-09-28,DDP-39,
2026-09-26 16:52:00,Bubbakoo's Burritos - Sample Store,Order,14E7A641D460C420E4C1,Delivered,42.61,3.78,-10.65,-0.0,0,0,35.74,2026-09-28,DDP-39,
2026-09-26 17:27:00,Bubbakoo's Burritos - Sample Store,Order,89B4BBC186082D32F75A,Delivered,24.06,2.14,-6.01,-0.0,0,0,20.19,2026-09-28,DDP-39,
2026-09-26 11:10:00,Bubbakoo's Burritos - Sample Store,Order,F6791BE667E5DECE9DE8,Delivered,30.13,2.67,-7.53,-0.0,0,0,25.27,2026-09-28,DDP-39,
2026-09-26 11:19:00,Bubbakoo's Burritos - Sample Store,Order,D06AABE724D7E5B33180,Delivered,26.83,2.38,-6.71,-0.0,0,0,22.5,2026-09-28,DDP-39,
2026-09-26 14:53:00,Bubbakoo's Burritos - Sample Store,Order,268D24970DEDA7F9FBAD,Delivered,31.14,2.76,-7.79,-0.0,0,0,26.11,2026-09-28,DDP-39,
2026-09-26 18:58:00,Bubbakoo's Burritos - Sample Store,Order,2E541BC0B56636D696D0,Delivered,29.96,2.66,-7.49,-0.0,0,0,25.13,2026-09-28,DDP-39,
