restaurant,order_number,transaction_date,order_status,transaction_type,subtotal,tax,commission,delivery_commission,processing_fee,targeted_promotion,merchant_net_total,deposit_date,adjustment_reason
Bubbakoo's Burritos - Sample Store,1035,2026-08-28 13:24,Delivered,Prepaid Order,33.25,2.95,-3.99,-2.66,-0.96,-0.0,28.59,2026-08-31,
Bubbakoo's Burritos - Sample Store,1036,2026-08-28 12:48,Delivered,Prepaid Order,52.51,4.66,-6.3,-4.2,-1.52,-0.0,45.15,2026-08-31,
Bubbakoo's Burritos - Sample Store,1037,2026-08-28 12:04,Delivered,Prepaid Order,31.83,2.82,-3.82,-2.55,-0.92,-0.0,27.36,2026-08-31,
Bubbakoo's Burritos - Sample Store,1038,2026-08-28 19:39,Delivered,Prepaid Order,55.25,4.9,-6.63,-4.42,-1.6,-0.0,47.5,2026-08-31,
Bubbakoo's Burritos - Sample Store,1079,2026-08-29 15:04,Delivered,Prepaid Order,25.14,2.23,-3.02,-2.01,-0.73,-0.0,21.61,2026-09-01,
Bubbakoo's Burritos - Sample Store,1080,2026-08-29 20:23,Delivered,Prepaid Order,21.34,1.89,-2.56,-1.71,-0.62,-0.0,18.34,2026-09-01,
Bubbakoo's Burritos - Sample Store,1081,2026-08-29 12:32,Delivered,Prepaid Order,19.21,1.7,-2.3,-1.54,-0.56,-0.0,16.51,2026-09-01,
Bubbakoo's Burritos - Sample Store,1082,2026-08-29 18:02,Delivered,Prepaid Order,28.99,2.57,-3.48,-2.32,-0.84,-0.0,24.92,2026-09-01,
Bubbakoo's Burritos - Sample Store,1083,2026-08-29 20:48,Delivered,Prepaid Order,56.48,5.01,-6.78,-4.52,-1.64,-0.0,48.55,2026-09-01,
Bubbakoo's Burritos - Sample Store,1084,2026-08-29 17:49,Delivered,Prepaid Order,41.35,3.67,-4.96,-3.31,-1.2,-0.0,35.55,2026-09-01,
Bubbakoo's Burritos - Sample Store,1085,2026-08-29 19:21,Delivered,Prepaid Order,11.01,0.98,-1.32,-0.88,-0.32,-0.0,9.47,2026-09-01,
Bubbakoo's Burritos - Sample Store,1086,2026-08-29 12:51,Delivered,Prepaid Order,21.52,1.91,-2.58,-1.72,-0.62,-0.0,18.51,2026-09-01,
Bubbakoo's Burritos - Sample Store,1121,2026-08-30 12:31,Delivered,Prepaid Order,37.92,3.37,-4.55,-3.03,-1.1,-0.0,32.61,2026-09-02,
Bubbakoo's Burritos - Sample Store,1122,2026-08-30 12:08,Delivered,Prepaid Order,16.11,1.43,-1.93,-1.29,-0.47,-0.0,13.85,2026-09-02,
Bubbakoo's Burritos - Sample Store,1123,2026-08-30 19:14,Delivered,Prepaid Order,25.78,2.29,-3.1,-2.06,-0.75,-0.0,22.16,2026-09-02,
Bubbakoo's Burritos - Sample Store,1124,2026-08-30 14:47,Delivered,Prepaid Order,40.19,3.57,-4.82,-3.22,-1.17,-0.0,34.55,2026-09-02,
Bubbakoo's Burritos - Sample Store,1125,2026-08-30 19:50,Cancelled,Prepaid Order,0.0,0.0,-0.0,-0.0,-0.0,-0.0,0.0,2026-09-02,
Bubbakoo's Burritos - Sample Store,1126,2026-08-30 16:31,Delivered,Prepaid Order,16.53,1.47,-1.99,-1.32,-0.48,-0.0,14.21,2026-09-02,
Bubbakoo's Burritos - Sample Store,1127,2026-08-30 18:15,Delivered,Prepaid Order,29.29,2.6,-3.52,-2.34,-0.85,-0.0,25.18,2026-09-02,
Bubbakoo's Burritos - Sample Store,1127,2026-08-30 18:15,Delivered,Prepaid Order Adjustment,0.0,0.0,0.0,0.0,0.0,0.0,-12.4,,Cold food
Bubbakoo's Burritos - Sample Store,1161,2026-08-31 16:55,Delivered,Prepaid Order,55.99,4.97,-6.72,-4.48,-1.62,-0.0,48.14,2026-09-03,
Bubbakoo's Burritos - Sample Store,1162,2026-08-31 19:30,Delivered,Prepaid Order,18.79,1.67,-2.26,-1.5,-0.54,-0.0,16.16,2026-09-03,
Bubbakoo's Burritos - Sample Store,1163,2026-08-31 16:34,Delivered,Prepaid Order,27.71,2.46,-3.32,-2.22,-0.8,-0.0,23.83,2026-09-03,
Bubbakoo's Burritos - Sample Store,1164,2026-08-31 14:31,Delivered,Prepaid Order,25.25,2.24,-3.03,-2.02,-0.73,-0.0,21.71,2026-09-03,
Bubbakoo's Burritos - Sample Store,1165,2026-08-31 18:51,Delivered,Prepaid Order,16.96,1.51,-2.03,-1.36,-0.49,-0.0,14.59,2026-09-03,
Bubbakoo's Burritos - Sample Store,1166,2026-08-31 19:54,Delivered,Prepaid Order,18.3,1.62,-2.2,-1.46,-0.53,-0.0,15.73,2026-09-03,
Bubbakoo's Burritos - Sample Store,1167,2026-08-31 20:53,Delivered,Prepaid Order,21.86,1.94,-2.62,-1.75,-0.63,-0.0,18.8,2026-09-03,
Bubbakoo's Burritos - Sample Store,1168,2026-08-31 13:39,Delivered,Prepaid Order,56.81,5.04,-6.82,-4.54,-1.65,-0.0,48.84,2026-09-03,
Bubbakoo's Burritos - Sample Store,1169,2026-08-31 15:24,Delivered,Prepaid Order,56.83,5.04,-6.82,-4.55,-1.65,-0.0,48.85,2026-09-03,
Bubbakoo's Burritos - Sample Store,1202,2026-09-01 13:22,Delivered,Prepaid Order,47.97,4.26,-5.75,-3.84,-1.39,-0.0,41.25,2026-09-04,
Bubbakoo's Burritos - Sample Store,1203,2026-09-01 18:21,Delivered,Prepaid Order,37.62,3.34,-4.51,-3.01,-1.09,-0.0,32.35,2026-09-04,
Bubbakoo's Burritos - Sample Store,1204,2026-09-01 18:11,Delivered,Prepaid Order,38.04,3.38,-4.57,-3.04,-1.1,-0.0,32.71,2026-09-04,
Bubbakoo's Burritos - Sample Store,1205,2026-09-01 19:06,Delivered,Prepaid Order,47.18,4.19,-5.66,-3.78,-1.37,-0.0,40.56,2026-09-04,
Bubbakoo's Burritos - Sample Store,1206,2026-09-01 18:17,Delivered,Prepaid Order,11.22,1.0,-1.34,-0.9,-0.33,-0.0,9.65,2026-09-04,
Bubbakoo's Burritos - Sample Store,1207,2026-09-01 11:18,Delivered,Prepaid Order,23.95,2.13,-2.87,-1.92,-0.69,-0.0,20.6,2026-09-04,
Bubbakoo's Burritos - Sample Store,1208,2026-09-01 12:26,Delivered,Prepaid Order,24.78,2.2,-2.98,-1.98,-0.72,-0.0,21.3,2026-09-04,
Bubbakoo's Burritos - Sample Store,1235,2026-09-02 19:22,Delivered,Prepaid Order,16.13,1.43,-1.94,-1.29,-0.47,-0.0,13.86,2026-09-05,
Bubbakoo's Burritos - Sample Store,1236,2026-09-02 20:33,Delivered,Prepaid Order,33.44,2.97,-4.01,-2.68,-0.97,-0.0,28.75,2026-09-05,
Bubbakoo's Burritos - Sample Store,1237,2026-09-02 15:04,Delivered,Prepaid Order,52.1,4.84,-6.54,-4.36,-1.51,-0.0,44.53,2026-09-05,
Bubbakoo's Burritos - Sample Store,1238,2026-09-02 18:32,Delivered,Prepaid Order,48.93,4.34,-5.87,-3.92,-1.42,-0.0,42.06,2026-09-05,
Bubbakoo's Burritos - Sample Store,1239,2026-09-02 14:10,Delivered,Prepaid Order,27.92,2.48,-3.35,-2.23,-0.81,-0.0,24.01,2026-09-05,
Bubbakoo's Burritos - Sample Store,1240,2026-09-02 19:54,Delivered,Prepaid Order,47.21,4.19,-5.66,-3.78,-1.37,-0.0,40.59,2026-09-05,
Bubbakoo's Burritos - Sample Store,1275,2026-09-03 17:11,Delivered,Prepaid Order,25.95,2.3,-3.11,-2.08,-0.75,-0.0,22.31,2026-09-06,
Bubbakoo's Burritos - Sample Store,1276,2026-09-03 16:51,Delivered,Prepaid Order,49.57,4.4,-5.95,-3.96,-1.44,-0.0,42.62,2026-09-06,
Bubbakoo's Burritos - Sample Store,1277,2026-09-03 19:37,Delivered,Prepaid Order,52.98,4.7,-6.36,-4.24,-1.54,-0.0,45.54,2026-09-06,
Bubbakoo's Burritos - Sample Store,1278,2026-09-03 18:01,Delivered,Prepaid Order,11.5,1.02,-1.38,-0.92,-0.33,-0.0,9.89,2026-09-06,
Bubbakoo's Burritos - Sample Store,1278,2026-09-03 18:01,Delivered,Prepaid Order Adjustment,0.0,0.0,0.0,0.0,0.0,0.0,-4.88,,Missing item
Bubbakoo's Burritos - Sample Store,1309,2026-09-04 13:19,Delivered,Prepaid Order,43.25,3.84,-5.19,-3.46,-1.25,-0.0,37.19,2026-09-07,
Bubbakoo's Burritos - Sample Store,1309,2026-09-04 13:19,Delivered,Prepaid Order Adjustment,0.0,0.0,0.0,0.0,0.0,0.0,-19.18,,Incorrect item
Bubbakoo's Burritos - Sample Store,1310,2026-09-04 16:06,Delivered,Prepaid Order,17.27,1.53,-2.07,-1.38,-0.5,-0.0,14.85,2026-09-07,
Bubbakoo's Burritos - Sample Store,1311,2026-09-04 13:53,Delivered,Prepaid Order,42.82,3.8,-5.14,-3.42,-1.24,-0.0,36.82,2026-09-07,
Bubbakoo's Burritos - Sample Store,1312,2026-09-04 11:12,Delivered,Prepaid Order,27.94,2.48,-3.35,-2.24,-0.81,-0.0,24.02,2026-09-07,
Bubbakoo's Burritos - Sample Store,1351,2026-09-05 13:52,Delivered,Prepaid Order,38.58,3.42,-4.63,-3.09,-1.12,-0.0,33.16,2026-09-08,
Bubbakoo's Burritos - Sample Store,1352,2026-09-05 12:15,Delivered,Prepaid Order,54.3,4.82,-6.52,-4.34,-1.57,-0.0,46.69,2026-09-08,
Bubbakoo's Burritos - Sample Store,1353,2026-09-05 17:05,Delivered,Prepaid Order,56.62,5.03,-6.79,-4.53,-1.64,-0.0,48.69,2026-09-08,
Bubbakoo's Burritos - Sample Store,1354,2026-09-05 15:42,Delivered,Prepaid Order,53.19,4.72,-6.38,-4.26,-1.54,-0.0,45.73,2026-09-08,
Bubbakoo's Burritos - Sample Store,1355,2026-09-05 17:49,Delivered,Prepaid Order,32.05,2.84,-3.85,-2.56,-0.93,-0.0,27.55,2026-09-08,
Bubbakoo's Burritos - Sample Store,1356,2026-09-05 13:12,Delivered,Prepaid Order,39.25,3.48,-4.71,-3.14,-1.14,-0.0,33.74,2026-09-08,
Bubbakoo's Burritos - Sample Store,1389,2026-09-06 12:13,Delivered,Prepaid Order,40.56,3.6,-4.87,-3.24,-1.18,-0.0,34.87,2026-09-09,
Bubbakoo's Burritos - Sample Store,1390,2026-09-06 16:56,Delivered,Prepaid Order,33.09,3.15,-4.27,-2.84,-0.96,-0.0,28.17,2026-09-09,
Bubbakoo's Burritos - Sample Store,1391,2026-09-06 20:00,Delivered,Prepaid Order,18.95,1.68,-2.27,-1.52,-0.55,-0.0,16.29,2026-09-09,
Bubbakoo's Burritos - Sample Store,1392,2026-09-06 16:29,Delivered,Prepaid Order,28.92,2.57,-3.47,-2.31,-0.84,-0.0,24.87,2026-09-09,
Bubbakoo's Burritos - Sample Store,1393,2026-09-06 12:45,Delivered,Prepaid Order,28.14,2.5,-3.38,-2.25,-0.82,-0.0,24.19,2026-09-09,
Bubbakoo's Burritos - Sample Store,1394,2026-09-06 15:57,Delivered,Prepaid Order,57.86,5.14,-6.94,-4.63,-1.68,-0.0,49.75,2026-09-09,
Bubbakoo's Burritos - Sample Store,1395,2026-09-06 11:06,Delivered,Prepaid Order,42.97,3.81,-5.15,-3.44,-1.25,-0.0,36.94,2026-09-09,
Bubbakoo's Burritos - Sample Store,1428,2026-09-07 13:15,Delivered,Prepaid Order,30.52,2.71,-3.66,-2.44,-0.89,-0.0,26.24,2026-09-10,
Bubbakoo's Burritos - Sample Store,1429,2026-09-07 16:39,Delivered,Prepaid Order,11.23,1.0,-1.35,-0.9,-0.33,-0.0,9.65,2026-09-10,
Bubbakoo's Burritos - Sample Store,1430,2026-09-07 12:59,Delivered,Prepaid Order,18.19,1.61,-2.18,-1.46,-0.53,-0.0,15.63,2026-09-10,
Bubbakoo's Burritos - Sample Store,1431,2026-09-07 19:38,Delivered,Prepaid Order,23.04,2.04,-2.77,-1.84,-0.67,-0.0,19.8,2026-09-10,
Bubbakoo's Burritos - Sample Store,1432,2026-09-07 20:07,Delivered,Prepaid Order,34.58,3.07,-4.15,-2.77,-1.0,-0.0,29.73,2026-09-10,
Bubbakoo's Burritos - Sample Store,1433,2026-09-07 14:54,Delivered,Prepaid Order,15.09,1.34,-1.81,-1.21,-0.44,-0.0,12.97,2026-09-10,
Bubbakoo's Burritos - Sample Store,1434,2026-09-07 15:58,Delivered,Prepaid Order,37.78,3.35,-4.54,-3.02,-1.1,-0.0,32.47,2026-09-10,
Bubbakoo's Burritos - Sample Store,1435,2026-09-07 15:11,Delivered,Prepaid Order,14.43,1.28,-1.73,-1.16,-0.42,-0.0,12.4,2026-09-10,
Bubbakoo's Burritos - Sample Store,1471,2026-09-08 13:07,Delivered,Prepaid Order,53.22,4.72,-6.38,-4.26,-1.54,-0.0,45.76,2026-09-11,
Bubbakoo's Burritos - Sample Store,1472,2026-09-08 15:41,Delivered,Prepaid Order,44.46,3.95,-5.33,-3.56,-1.29,-0.0,38.23,2026-09-11,
Bubbakoo's Burritos - Sample Store,1473,2026-09-08 16:16,Delivered,Prepaid Order,15.41,1.37,-1.85,-1.23,-0.45,-0.0,13.25,2026-09-11,
Bubbakoo's Burritos - Sample Store,1474,2026-09-08 13:04,Delivered,Prepaid Order,50.41,4.47,-6.05,-4.03,-1.46,-0.0,43.34,2026-09-11,
Bubbakoo's Burritos - Sample Store,1475,2026-09-08 20:28,Delivered,Prepaid Order,39.0,3.46,-4.68,-3.12,-1.13,-0.0,33.53,2026-09-11,
Bubbakoo's Burritos - Sample Store,1476,2026-09-08 16:38,Delivered,Prepaid Order,35.94,3.19,-4.31,-2.88,-1.04,-0.0,30.9,2026-09-11,
Bubbakoo's Burritos - Sample Store,1477,2026-09-08 14:48,Delivered,Prepaid Order,47.57,4.22,-5.71,-3.8,-1.38,-0.0,40.9,2026-09-11,
Bubbakoo's Burritos - Sample Store,1478,2026-09-08 12:31,Delivered,Prepaid Order,38.49,3.42,-4.62,-3.08,-1.12,-0.0,33.09,2026-09-11,
Bubbakoo's Burritos - Sample Store,1479,2026-09-08 17:20,Delivered,Prepaid Order,56.18,4.99,-6.74,-4.5,-1.63,-0.0,48.3,2026-09-11,
Bubbakoo's Burritos - Sample Store,1480,2026-09-08 18:44,Delivered,Prepaid Order,56.55,5.02,-6.79,-4.52,-1.64,-0.0,48.62,2026-09-11,
Bubbakoo's Burritos - Sample Store,1517,2026-09-09 12:42,Delivered,Prepaid Order,22.98,2.04,-2.76,-1.84,-0.67,-0.0,19.75,2026-09-12,
Bubbakoo's Burritos - Sample Store,1518,2026-09-09 18:51,Delivered,Prepaid Order,27.09,2.4,-3.25,-2.17,-0.79,-0.0,23.28,2026-09-12,
Bubbakoo's Burritos - Sample Store,1519,2026-09-09 16:43,Delivered,Prepaid Order,24.05,2.13,-2.89,-1.92,-0.7,-0.0,20.67,2026-09-12,
Bubbakoo's Burritos - Sample Store,1520,2026-09-09 15:29,Delivered,Prepaid Order,19.49,1.73,-2.34,-1.56,-0.57,-0.0,16.75,2026-09-12,
Bubbakoo's Burritos - Sample Store,1554,2026-09-10 11:15,Delivered,Prepaid Order,38.23,3.46,-4.68,-3.12,-1.11,-0.0,32.78,2026-09-13,
Bubbakoo's Burritos - Sample Store,1555,2026-09-10 11:04,Delivered,Prepaid Order,19.16,1.7,-2.3,-1.53,-0.56,-0.0,16.47,2026-09-13,
Bubbakoo's Burritos - Sample Store,1555,2026-09-10 11:04,Delivered,Prepaid Order Adjustment,0.0,0.0,0.0,0.0,0.0,0.0,-4.86,,Missing item
Bubbakoo's Burritos - Sample Store,1556,2026-09-10 19:01,Delivered,Prepaid Order,26.76,2.37,-3.21,-2.14,-0.78,-0.0,23.0,2026-09-13,
Bubbakoo's Burritos - Sample Store,1557,2026-09-10 11:56,Delivered,Prepaid Order,54.58,4.84,-6.55,-4.37,-1.58,-0.0,46.92,2026-09-13,
Bubbakoo's Burritos - Sample Store,1558,2026-09-10 13:14,Delivered,Prepaid Order,48.21,4.28,-5.78,-3.86,-1.4,-0.0,41.45,2026-09-13,
Bubbakoo's Burritos - Sample Store,1591,2026-09-11 17:29,Delivered,Prepaid Order,40.94,3.63,-4.91,-3.28,-1.19,-0.0,35.19,2026-09-14,
Bubbakoo's Burritos - Sample Store,1592,2026-09-11 19:23,Delivered,Prepaid Order,36.7,3.26,-4.4,-2.94,-1.06,-0.0,31.56,2026-09-14,
Bubbakoo's Burritos - Sample Store,1593,2026-09-11 14:07,Delivered,Prepaid Order,11.82,1.05,-1.42,-0.94,-0.34,-0.0,10.17,2026-09-14,
Bubbakoo's Burritos - Sample Store,1594,2026-09-11 14:32,Delivered,Prepaid Order,34.73,3.08,-4.17,-2.78,-1.01,-0.0,29.85,2026-09-14,
Bubbakoo's Burritos - Sample Store,1629,2026-09-12 11:36,Delivered,Prepaid Order,34.21,3.04,-4.1,-2.74,-0.99,-0.0,29.42,2026-09-15,
Bubbakoo's Burritos - Sample Store,1630,2026-09-12 20:45,Delivered,Prepaid Order,43.55,3.87,-5.23,-3.48,-1.26,-0.0,37.45,2026-09-15,
Bubbakoo's Burritos - Sample Store,1670,2026-09-13 14:21,Delivered,Prepaid Order,25.62,2.27,-3.07,-2.05,-0.74,-0.0,22.03,2026-09-16,
Bubbakoo's Burritos - Sample Store,1671,2026-09-13 15:44,Delivered,Prepaid Order,42.0,3.73,-5.04,-3.36,-1.22,-0.0,36.11,2026-09-16,
Bubbakoo's Burritos - Sample Store,1672,2026-09-13 15:42,Delivered,Prepaid Order,16.59,1.47,-1.99,-1.33,-0.48,-0.0,14.26,2026-09-16,
Bubbakoo's Burritos - Sample Store,1673,2026-09-13 20:17,Delivered,Prepaid Order,24.65,2.19,-2.96,-1.97,-0.71,-0.0,21.2,2026-09-16,
Bubbakoo's Burritos - Sample Store,1674,2026-09-13 18:42,Delivered,Prepaid Order,51.52,4.57,-6.18,-4.12,-1.49,-0.0,44.3,2026-09-16,
Bubbakoo's Burritos - Sample Store,1675,2026-09-13 14:59,Delivered,Prepaid Order,57.22,5.08,-6.86,-4.58,-1.66,-0.0,49.2,2026-09-16,
Bubbakoo's Burritos - Sample Store,1676,2026-09-13 20:21,Delivered,Prepaid Order,13.86,1.23,-1.66,-1.11,-0.4,-0.0,11.92,2026-09-16,
Bubbakoo's Burritos - Sample Store,1677,2026-09-13 14:54,Delivered,Prepaid Order,27.0,2.4,-3.24,-2.16,-0.78,-0.0,23.22,2026-09-16,
Bubbakoo's Burritos - Sample Store,1678,2026-09-13 19:18,Delivered,Prepaid Order,13.03,1.16,-1.57,-1.04,-0.38,-0.0,11.2,2026-09-16,
Bubbakoo's Burritos - Sample Store,1679,2026-09-13 13:39,Delivered,Prepaid Order,25.76,2.29,-3.09,-2.06,-0.75,-0.0,22.15,2026-09-16,
Bubbakoo's Burritos - Sample Store,1719,2026-09-14 12:46,Delivered,Prepaid Order,33.56,2.98,-4.03,-2.68,-0.97,-0.0,28.86,2026-09-17,
Bubbakoo's Burritos - Sample Store,1720,2026-09-14 12:01,Delivered,Prepaid Order,50.43,4.48,-6.05,-4.04,-1.46,-0.0,43.36,2026-09-17,
Bubbakoo's Burritos - Sample Store,1721,2026-09-14 15:29,Delivered,Prepaid Order,34.0,3.02,-4.08,-2.72,-0.99,-0.0,29.23,2026-09-17,
Bubbakoo's Burritos - Sample Store,1722,2026-09-14 12:56,Delivered,Prepaid Order,46.45,4.12,-5.57,-3.72,-1.35,-0.0,39.93,2026-09-17,
Bubbakoo's Burritos - Sample Store,1723,2026-09-14 14:50,Delivered,Prepaid Order,20.82,1.85,-2.5,-1.66,-0.6,-0.0,17.91,2026-09-17,
Bubbakoo's Burritos - Sample Store,1724,2026-09-14 16:19,Delivered,Prepaid Order,30.64,2.72,-3.68,-2.45,-0.89,-0.0,26.34,2026-09-17,
Bubbakoo's Burritos - Sample Store,1725,2026-09-14 15:41,Delivered,Prepaid Order,19.37,1.72,-2.32,-1.55,-0.56,-0.0,16.66,2026-09-17,
Bubbakoo's Burritos - Sample Store,1763,2026-09-15 16:41,Delivered,Prepaid Order,57.85,5.13,-6.94,-4.63,-1.68,-0.0,49.73,2026-09-18,
Bubbakoo's Burritos - Sample Store,1764,2026-09-15 12:17,Delivered,Prepaid Order,14.16,1.26,-1.7,-1.13,-0.41,-0.0,12.18,2026-09-18,
Bubbakoo's Burritos - Sample Store,1765,2026-09-15 13:21,Delivered,Prepaid Order,47.65,4.23,-5.72,-3.81,-1.38,-0.0,40.97,2026-09-18,
Bubbakoo's Burritos - Sample Store,1766,2026-09-15 19:37,Delivered,Prepaid Order,11.44,1.02,-1.37,-0.92,-0.33,-0.0,9.84,2026-09-18,
Bubbakoo's Burritos - Sample Store,1767,2026-09-15 11:27,Delivered,Prepaid Order,15.41,1.37,-1.85,-1.23,-0.45,-0.0,13.25,2026-09-18,
Bubbakoo's Burritos - Sample Store,1806,2026-09-16 12:06,Delivered,Prepaid Order,19.96,1.77,-2.39,-1.6,-0.58,-0.0,17.16,2026-09-19,
Bubbakoo's Burritos - Sample Store,1807,2026-09-16 17:33,Delivered,Prepaid Order,21.84,1.94,-2.62,-1.75,-0.63,-0.0,18.78,2026-09-19,
Bubbakoo's Burritos - Sample Store,1808,2026-09-16 16:08,Delivered,Prepaid Order,34.46,3.06,-4.13,-2.76,-1.0,-0.0,29.63,2026-09-19,
Bubbakoo's Burritos - Sample Store,1809,2026-09-16 20:46,Delivered,Prepaid Order,27.74,2.46,-3.33,-2.22,-0.8,-0.0,23.85,2026-09-19,
Bubbakoo's Burritos - Sample Store,1810,2026-09-16 20:18,Delivered,Prepaid Order,43.55,3.87,-5.23,-3.48,-1.26,-0.0,37.45,2026-09-19,
Bubbakoo's Burritos - Sample Store,1811,2026-09-16 19:21,Delivered,Prepaid Order,57.18,5.07,-6.86,-4.58,-1.66,-0.0,49.15,2026-09-19,
Bubbakoo's Burritos - Sample Store,1812,2026-09-16 15:59,Delivered,Prepaid Order,42.28,3.75,-5.08,-3.38,-1.23,-0.0,36.34,2026-09-19,
Bubbakoo's Burritos - Sample Store,1813,2026-09-16 15:51,Delivered,Prepaid Order,36.15,3.21,-4.34,-2.89,-1.05,-0.0,31.08,2026-09-19,
Bubbakoo's Burritos - Sample Store,1814,2026-09-16 12:38,Delivered,Prepaid Order,24.95,2.21,-2.99,-2.0,-0.72,-0.0,21.45,2026-09-19,
Bubbakoo's Burritos - Sample Store,1815,2026-09-16 17:22,Delivered,Prepaid Order,46.31,4.11,-5.56,-3.7,-1.34,-0.0,39.82,2026-09-19,
Bubbakoo's Burritos - Sample Store,1853,2026-09-17 13:39,Delivered,Prepaid Order,24.78,2.2,-2.98,-1.98,-0.72,-0.0,21.3,2026-09-20,
Bubbakoo's Burritos - Sample Store,1854,2026-09-17 14:38,Delivered,Prepaid Order,45.08,4.0,-5.41,-3.61,-1.31,-0.0,38.75,2026-09-20,
Bubbakoo's Burritos - Sample Store,1855,2026-09-17 13:38,Delivered,Prepaid Order,47.39,4.21,-5.69,-3.79,-1.37,-0.0,40.75,2026-09-20,
Bubbakoo's Burritos - Sample Store,1856,2026-09-17 14:31,Delivered,Prepaid Order,28.92,2.57,-3.47,-2.31,-0.84,-0.0,24.87,2026-09-20,
Bubbakoo's Burritos - Sample Store,1857,2026-09-17 13:20,Delivered,Prepaid Order,19.32,1.71,-2.32,-1.54,-0.56,-0.0,16.61,2026-09-20,
Bubbakoo's Burritos - Sample Store,1858,2026-09-17 14:10,Delivered,Prepaid Order,14.24,1.26,-1.71,-1.14,-0.41,-0.0,12.24,2026-09-20,
Bubbakoo's Burritos - Sample Store,1859,2026-09-17 15:58,Delivered,Prepaid Order,49.76,4.42,-5.97,-3.98,-1.44,-0.0,42.79,2026-09-20,
Bubbakoo's Burritos - Sample Store,1860,2026-09-17 20:46,Delivered,Prepaid Order,13.09,1.16,-1.57,-1.05,-0.38,-0.0,11.25,2026-09-20,
Bubbakoo's Burritos - Sample Store,1861,2026-09-17 14:17,Delivered,Prepaid Order,22.38,1.99,-2.69,-1.79,-0.65,-0.0,19.24,2026-09-20,
Bubbakoo's Burritos - Sample Store,1899,2026-09-18 15:41,Delivered,Prepaid Order,54.97,4.88,-6.59,-4.4,-1.59,-0.0,47.27,2026-09-21,
Bubbakoo's Burritos - Sample Store,1900,2026-09-18 20:32,Delivered,Prepaid Order,37.98,3.37,-4.56,-3.04,-1.1,-0.0,32.65,2026-09-21,
Bubbakoo's Burritos - Sample Store,1901,2026-09-18 13:29,Delivered,Prepaid Order,48.51,4.31,-5.82,-3.88,-1.41,-0.0,41.71,2026-09-21,
Bubbakoo's Burritos - Sample Store,1902,2026-09-18 14:17,Delivered,Prepaid Order,11.14,0.99,-1.34,-0.89,-0.32,-0.0,9.58,2026-09-21,
Bubbakoo's Burritos - Sample Store,1903,2026-09-18 11:05,Delivered,Prepaid Order,57.27,5.08,-6.87,-4.58,-1.66,-0.0,49.24,2026-09-21,
Bubbakoo's Burritos - Sample Store,1903,2026-09-18 11:05,Delivered,Prepaid Order Adjustment,0.0,0.0,0.0,0.0,0.0,0.0,-17.1,,Incorrect item
Bubbakoo's Burritos - Sample Store,1904,2026-09-18 18:41,Delivered,Prepaid Order,20.84,1.85,-2.5,-1.67,-0.6,-0.0,17.92,2026-09-21,
Bubbakoo's Burritos - Sample Store,1905,2026-09-18 16:32,Delivered,Prepaid Order,31.44,2.79,-3.77,-2.52,-0.91,-0.0,27.03,2026-09-21,
Bubbakoo's Burritos - Sample Store,1906,2026-09-18 18:38,Delivered,Prepaid Order,19.67,1.75,-2.36,-1.57,-0.57,-0.0,16.92,2026-09-21,
Bubbakoo's Burritos - Sample Store,1907,2026-09-18 15:06,Delivered,Prepaid Order,42.48,3.77,-5.1,-3.4,-1.23,-0.0,36.52,2026-09-21,
Bubbakoo's Burritos - Sample Store,1908,2026-09-18 17:26,Delivered,Prepaid Order,43.23,3.84,-5.19,-3.46,-1.25,-0.0,37.17,2026-09-21,
Bubbakoo's Burritos - Sample Store,1949,2026-09-19 11:05,Delivered,Prepaid Order,18.01,1.6,-2.16,-1.44,-0.52,-0.0,15.49,2026-09-22,
Bubbakoo's Burritos - Sample Store,1950,2026-09-19 20:58,Delivered,Prepaid Order,38.05,3.38,-4.57,-3.04,-1.1,-0.0,32.72,2026-09-22,
Bubbakoo's Burritos - Sample Store,1951,2026-09-19 13:26,Delivered,Prepaid Order,36.11,3.2,-4.33,-2.89,-1.05,-0.0,31.04,2026-09-22,
Bubbakoo's Burritos - Sample Store,1952,2026-09-19 17:24,Delivered,Prepaid Order,54.15,4.81,-6.5,-4.33,-1.57,-0.0,46.56,2026-09-22,
Bubbakoo's Burritos - Sample Store,1953,2026-09-19 20:20,Delivered,Prepaid Order,16.43,1.46,-1.97,-1.32,-0.48,-0.0,14.12,2026-09-22,
Bubbakoo's Burritos - Sample Store,1954,2026-09-19 12:12,Delivered,Prepaid Order,16.51,1.47,-1.98,-1.32,-0.48,-0.0,14.2,2026-09-22,
Bubbakoo's Burritos - Sample Store,1955,2026-09-19 17:17,Delivered,Prepaid Order,23.12,2.05,-2.77,-1.85,-0.67,-0.0,19.88,2026-09-22,
Bubbakoo's Burritos - Sample Store,1956,2026-09-19 20:47,Delivered,Prepaid Order,34.38,3.05,-4.13,-2.75,-1.0,-0.0,29.55,2026-09-22,
Bubbakoo's Burritos - Sample Store,1957,2026-09-19 15:00,Delivered,Prepaid Order,34.92,3.1,-4.19,-2.79,-1.01,-0.0,30.03,2026-09-22,
Bubbakoo's Burritos - Sample Store,1995,2026-09-20 20:15,Delivered,Prepaid Order,50.2,4.46,-6.02,-4.02,-1.46,-0.0,43.16,2026-09-23,
Bubbakoo's Burritos - Sample Store,1996,2026-09-20 20:45,Delivered,Prepaid Order,41.66,3.84,-5.18,-3.46,-1.21,-0.0,35.65,2026-09-23,
Bubbakoo's Burritos - Sample Store,1997,2026-09-20 19:29,Delivered,Prepaid Order,42.53,3.77,-5.11,-3.4,-1.23,-0.0,36.56,2026-09-23,
Bubbakoo's Burritos - Sample Store,1998,2026-09-20 15:43,Delivered,Prepaid Order,37.5,3.49,-4.73,-3.15,-1.09,-0.0,32.02,2026-09-23,
Bubbakoo's Burritos - Sample Store,1999,2026-09-20 17:12,Delivered,Prepaid Order,55.85,4.96,-6.7,-4.47,-1.62,-0.0,48.02,2026-09-23,
Bubbakoo's Burritos - Sample Store,2000,2026-09-20 17:38,Delivered,Prepaid Order,57.36,5.09,-6.88,-4.59,-1.66,-0.0,49.32,2026-09-23,
Bubbakoo's Burritos - Sample Store,2038,2026-09-21 14:31,Delivered,Prepaid Order,54.72,4.86,-6.56,-4.38,-1.59,-0.0,47.05,2026-09-24,
Bubbakoo's Burritos - Sample Store,2039,2026-09-21 19:43,Delivered,Prepaid Order,26.23,2.33,-3.15,-2.1,-0.76,-0.0,22.55,2026-09-24,
Bubbakoo's Burritos - Sample Store,2040,2026-09-21 12:55,Delivered,Prepaid Order,42.06,3.73,-5.05,-3.36,-1.22,-0.0,36.16,2026-09-24,
Bubbakoo's Burritos - Sample Store,2041,2026-09-21 20:01,Delivered,Prepaid Order,17.91,1.74,-2.35,-1.57,-0.52,-0.0,15.21,2026-09-24,
Bubbakoo's Burritos - Sample Store,2080,2026-09-22 15:59,Delivered,Prepaid Order,56.06,4.98,-6.73,-4.48,-1.63,-0.0,48.2,2026-09-25,
Bubbakoo's Burritos - Sample Store,2081,2026-09-22 18:29,Delivered,Prepaid Order,27.46,2.44,-3.29,-2.2,-0.8,-0.0,23.61,2026-09-25,
Bubbakoo's Burritos - Sample Store,2082,2026-09-22 17:18,Delivered,Prepaid Order,17.58,1.56,-2.11,-1.41,-0.51,-0.0,15.11,2026-09-25,
Bubbakoo's Burritos - Sample Store,2083,2026-09-22 14:50,Delivered,Prepaid Order,22.61,2.01,-2.71,-1.81,-0.66,-0.0,19.44,2026-09-25,
Bubbakoo's Burritos - Sample Store,2120,2026-09-23 19:31,Delivered,Prepaid Order,56.89,5.05,-6.83,-4.55,-1.65,-0.0,48.91,2026-09-26,
Bubbakoo's Burritos - Sample Store,2121,2026-09-23 20:29,Delivered,Prepaid Order,34.31,3.05,-4.12,-2.74,-0.99,-0.0,29.51,2026-09-26,
Bubbakoo's Burritos - Sample Store,2122,2026-09-23 18:26,Delivered,Prepaid Order,20.05,1.78,-2.41,-1.6,-0.58,-0.0,17.24,2026-09-26,
Bubbakoo's Burritos - Sample Store,2123,2026-09-23 16:44,Delivered,Prepaid Order,39.16,3.48,-4.7,-3.13,-1.14,-0.0,33.67,2026-09-26,
Bubbakoo's Burritos - Sample Store,2124,2026-09-23 14:20,Delivered,Prepaid Order,42.67,3.79,-5.12,-3.41,-1.24,-0.0,36.69,2026-09-26,
Bubbakoo's Burritos - Sample Store,2125,2026-09-23 13:04,Delivered,Prepaid Order,31.85,2.83,-3.82,-2.55,-0.92,-0.0,27.39,2026-09-26,
Bubbakoo's Burritos - Sample Store,2126,2026-09-23 19:03,Delivered,Prepaid Order,12.16,1.08,-1.46,-0.97,-0.35,-0.0,10.46,2026-09-26,
Bubbakoo's Burritos - Sample Store,2168,2026-09-24 14:55,Delivered,Prepaid Order,11.22,1.0,-1.34,-0.9,-0.33,-0.0,9.65,2026-09-27,
Bubbakoo's Burritos - Sample Store,2169,2026-09-24 19:19,Delivered,Prepaid Order,57.4,5.09,-6.89,-4.59,-1.66,-0.0,49.35,2026-09-27,
Bubbakoo's Burritos - Sample Store,2170,2026-09-24 16:50,Delivered,Prepaid Order,18.23,1.62,-2.19,-1.46,-0.53,-0.0,15.67,2026-09-27,
Bubbakoo's Burritos - Sample Store,2171,2026-09-24 13:18,Delivered,Prepaid Order,52.08,4.62,-6.25,-4.17,-1.51,-0.0,44.77,2026-09-27,
Bubbakoo's Burritos - Sample Store,2172,2026-09-24 14:09,Delivered,Prepaid Order,56.96,5.06,-6.83,-4.56,-1.65,-0.0,48.98,2026-09-27,
Bubbakoo's Burritos - Sample Store,2173,2026-09-24 15:28,Delivered,Prepaid Order,39.28,3.49,-4.72,-3.14,-1.14,-0.0,33.77,2026-09-27,
Bubbakoo's Burritos - Sample Store,2209,2026-09-25 17:09,Delivered,Prepaid Order,20.23,1.8,-2.43,-1.62,-0.59,-0.0,17.39,2026-09-28,
Bubbakoo's Burritos - Sample Store,2210,2026-09-25 19:04,Delivered,Prepaid Order,43.17,3.83,-5.18,-3.45,-1.25,-0.0,37.12,2026-09-28,
Bubbakoo's Burritos - Sample Store,2211,2026-09-25 17:14,Delivered,Prepaid Order,14.62,1.3,-1.75,-1.17,-0.42,-0.0,12.58,2026-09-28,
Bubbakoo's Burritos - Sample Store,2247,2026-09-26 17:16,Delivered,Prepaid Order,27.18,2.41,-3.26,-2.18,-0.79,-0.0,23.36,2026-09-29,
Bubbakoo's Burritos - Sample Store,2248,2026-09-26 19:55,Delivered,Prepaid Order,51.74,4.59,-6.21,-4.14,-1.5,-0.0,44.48,2026-09-29,
Bubbakoo's Burritos - Sample Store,2249,2026-09-26 19:41,Delivered,Prepaid Order,55.78,4.95,-6.7,-4.46,-1.62,-0.0,47.95,2026-09-29,
Bubbakoo's Burritos - Sample Store,2250,2026-09-26 14:48,Delivered,Prepaid Order,37.62,3.34,-4.51,-3.01,-1.09,-0.0,32.35,2026-09-29,
Bubbakoo's Burritos - Sample Store,2251,2026-09-26 17:17,Delivered,Prepaid Order,57.62,5.11,-6.91,-4.61,-1.67,-0.0,49.54,2026-09-29,
Bubbakoo's Burritos - Sample Store,2252,2026-09-26 18:25,Delivered,Prepaid Order,39.13,3.47,-4.7,-3.13,-1.13,-0.0,33.64,2026-09-29,
Bubbakoo's Burritos - Sample Store,2253,2026-09-26 18:13,Delivered,Prepaid Order,48.77,4.33,-5.85,-3.9,-1.41,-0.0,41.94,2026-09-29,
Bubbakoo's Burritos - Sample Store,2254,2026-09-26 17:53,Delivered,Prepaid Order,30.3,2.69,-3.64,-2.42,-0.88,-0.0,26.05,2026-09-29,
