Store Name,Order ID,Order Date,Order Accept Time,Order Status,Sales (excl. tax),Tax on Sales,Marketplace Fee,Refunds (incl tax),Other payments description,Marketing Adjustment,Total payout ,Payout Date
Bubbakoo's Burritos - Sample Store,cda6c6fd-bd68,08/28/2026,08/28/2026 14:19,Completed,48.89,4.34,-12.22,-0.0,,-0.0,39.59,2026-08-31
Bubbakoo's Burritos - Sample Store,b1491e24-3192,08/28/2026,08/28/2026 11:28,Completed,48.14,4.27,-12.04,-0.0,,-0.0,38.97,2026-08-31
Bubbakoo's Burritos - Sample Store,325b55dd-7857,08/28/2026,08/28/2026 17:13,Completed,14.79,1.31,-3.7,-0.0,,-0.0,11.97,2026-08-31
Bubbakoo's Burritos - Sample Store,15b40aeb-a4a4,08/28/2026,08/28/2026 19:10,Completed,53.73,4.77,-13.43,-0.0,,-0.0,43.51,2026-08-31
Bubbakoo's Burritos - Sample Store,551fd8f9-a2c6,08/28/2026,08/28/2026 19:09,Completed,52.78,4.68,-13.2,-0.0,,-0.0,42.73,2026-08-31
Bubbakoo's Burritos - Sample Store,28aaca51-b98c,08/28/2026,08/28/2026 18:54,Completed,29.87,2.65,-7.47,-0.0,,-0.0,24.18,2026-08-31
Bubbakoo's Burritos - Sample Store,a842bc19-796f,08/28/2026,08/28/2026 13:29,Completed,39.74,3.53,-9.94,-0.0,,-0.0,32.18,2026-08-31
Bubbakoo's Burritos - Sample Store,86ce03f9-1a4f,08/28/2026,08/28/2026 11:14,Completed,48.57,4.31,-12.14,-0.0,,-0.0,39.33,2026-08-31
Bubbakoo's Burritos - Sample Store,c38084a0-3d93,08/28/2026,08/28/2026 11:28,Completed,22.84,2.03,-5.71,-0.0,,-0.0,18.5,2026-08-31
Bubbakoo's Burritos - Sample Store,a997f351-754a,08/28/2026,08/28/2026 12:02,Completed,53.77,4.77,-13.44,-0.0,,-0.0,43.54,2026-08-31
Bubbakoo's Burritos - Sample Store,70ac06ac-df70,08/28/2026,08/28/2026 20:04,Completed,18.14,1.61,-4.54,-0.0,,-0.0,14.68,2026-08-31
Bubbakoo's Burritos - Sample Store,bab5b373-3c1a,08/29/2026,08/29/2026 15:18,Completed,49.03,4.35,-12.26,-0.0,,-0.0,39.7,2026-08-31
Bubbakoo's Burritos - Sample Store,af06bcf7-e914,08/29/2026,08/29/2026 19:25,Completed,50.74,4.5,-12.69,-0.0,,-0.0,41.08,2026-08-31
Bubbakoo's Burritos - Sample Store,be437c7b-a6ca,08/29/2026,08/29/2026 12:19,Completed,39.19,3.48,-9.8,-0.0,,-0.0,31.73,2026-08-31
Bubbakoo's Burritos - Sample Store,b1330c3f-197a,08/29/2026,08/29/2026 12:02,Completed,33.83,3.0,-8.46,-0.0,,-0.0,27.39,2026-08-31
Bubbakoo's Burritos - Sample Store,e4c717fd-fe48,08/29/2026,08/29/2026 18:55,Completed,32.9,2.92,-8.22,-0.0,,-0.0,26.65,2026-08-31
Bubbakoo's Burritos - Sample Store,f7d5f124-81b1,08/29/2026,08/29/2026 11:17,Completed,24.61,2.18,-6.15,-0.0,,-0.0,19.93,2026-08-31
Bubbakoo's Burritos - Sample Store,4305e986-8629,08/29/2026,08/29/2026 12:16,Completed,38.33,3.4,-9.58,-0.0,,-0.0,31.04,2026-08-31
Bubbakoo's Burritos - Sample Store,e04b0dce-e5d0,08/29/2026,08/29/2026 12:55,Completed,44.06,3.91,-11.02,-0.0,,-0.0,35.67,2026-08-31
Bubbakoo's Burritos - Sample Store,580dc5ab-6a8a,08/29/2026,08/29/2026 18:41,Completed,30.05,2.67,-7.51,-0.0,,-0.0,24.34,2026-08-31
Bubbakoo's Burritos - Sample Store,f09c0afb-1ebb,08/29/2026,08/29/2026 16:32,Completed,46.28,4.11,-11.57,-0.0,,-0.0,37.48,2026-08-31
Bubbakoo's Burritos - Sample Store,deb67ae7-ffb0,08/29/2026,08/29/2026 15:19,Completed,25.66,2.53,-7.12,-0.0,,-0.0,20.33,2026-08-31
Bubbakoo's Burritos - Sample Store,a28cf7b1-491e,08/29/2026,08/29/2026 15:47,Completed,15.78,1.4,-3.94,-0.0,,-0.0,12.78,2026-08-31
Bubbakoo's Burritos - Sample Store,e25f4b1c-6d80,08/29/2026,08/29/2026 14:14,Completed,47.34,4.2,-11.84,-0.0,,-0.0,38.33,2026-08-31
Bubbakoo's Burritos - Sample Store,9d6b023f-736b,08/29/2026,08/29/2026 12:22,Completed,13.33,1.18,-3.33,-0.0,,-0.0,10.79,2026-08-31
Bubbakoo's Burritos - Sample Store,48208231-57fa,08/29/2026,08/29/2026 20:23,Completed,16.98,1.51,-4.25,-0.0,,-0.0,13.75,2026-08-31
Bubbakoo's Burritos - Sample Store,7b50079e-08ab,08/30/2026,08/30/2026 13:43,Completed,22.62,2.01,-5.66,-0.0,,-0.0,18.31,2026-08-31
Bubbakoo's Burritos - Sample Store,3555d6ae-1586,08/30/2026,08/30/2026 12:47,Completed,57.43,5.1,-14.36,-0.0,,-0.0,46.5,2026-08-31
Bubbakoo's Burritos - Sample Store,e429c87c-9ecc,08/30/2026,08/30/2026 13:57,Completed,22.01,1.95,-5.5,-0.0,,-0.0,17.82,2026-08-31
Bubbakoo's Burritos - Sample Store,4109d8d6-5f7b,08/30/2026,08/30/2026 16:00,Completed,24.81,2.2,-6.2,-0.0,,-0.0,20.09,2026-08-31
Bubbakoo's Burritos - Sample Store,30312932-940a,08/30/2026,08/30/2026 15:01,Completed,18.21,1.62,-5.46,-0.0,,-0.0,13.84,2026-08-31
Bubbakoo's Burritos - Sample Store,a74068b2-19bd,08/30/2026,08/30/2026 19:39,Completed,35.74,3.17,-8.94,-0.0,,-0.0,28.93,2026-08-31
Bubbakoo's Burritos - Sample Store,e07b59d8-0a55,08/30/2026,08/30/2026 14:56,Completed,50.51,4.48,-12.63,-0.0,,-0.0,40.9,2026-08-31
Bubbakoo's Burritos - Sample Store,9a60f919-72f9,08/30/2026,08/30/2026 12:16,Completed,28.5,2.53,-7.12,-0.0,,-0.0,23.08,2026-08-31
Bubbakoo's Burritos - Sample Store,37b79c48-5985,08/30/2026,08/30/2026 12:48,Completed,40.96,3.64,-10.24,-0.0,,-0.0,33.17,2026-08-31
Bubbakoo's Burritos - Sample Store,3414c2dc-e9f8,08/30/2026,08/30/2026 15:21,Completed,12.8,1.14,-3.2,-0.0,,-0.0,10.37,2026-08-31
Bubbakoo's Burritos - Sample Store,cb978be3-080e,08/30/2026,08/30/2026 14:09,Completed,40.19,3.57,-10.05,-0.0,,-0.0,32.54,2026-08-31
Bubbakoo's Burritos - Sample Store,1755c6de-88b4,08/30/2026,08/30/2026 17:44,Completed,42.21,3.75,-10.55,-0.0,,-0.0,34.19,2026-08-31
Bubbakoo's Burritos - Sample Store,9107756f-bece,08/30/2026,08/30/2026 16:14,Completed,30.64,2.72,-7.66,-0.0,,-0.0,24.81,2026-08-31
Bubbakoo's Burritos - Sample Store,018120f8-f126,08/30/2026,08/30/2026 14:21,Completed,29.36,2.61,-7.34,-0.0,,-0.0,23.78,2026-08-31
Bubbakoo's Burritos - Sample Store,0aeade9b-a245,08/31/2026,08/31/2026 11:31,Completed,12.96,1.15,-3.24,-0.0,,-0.0,10.49,2026-09-07
Bubbakoo's Burritos - Sample Store,aa069dd3-e42a,08/31/2026,08/31/2026 14:24,Completed,49.43,4.39,-12.36,-0.0,,-0.0,40.03,2026-09-07
Bubbakoo's Burritos - Sample Store,08d0323c-08ab,08/31/2026,08/31/2026 12:49,Completed,22.59,2.0,-5.65,-0.0,,-0.0,18.28,2026-09-07
Bubbakoo's Burritos - Sample Store,a5753d8b-c1e2,08/31/2026,08/31/2026 19:08,Completed,15.69,1.39,-3.92,-0.0,,-0.0,12.7,2026-09-07
Bubbakoo's Burritos - Sample Store,b73c30c8-0c64,08/31/2026,08/31/2026 11:21,Completed,27.49,2.44,-6.87,-0.0,,-0.0,22.26,2026-09-07
Bubbakoo's Burritos - Sample Store,07ffe38e-69b5,08/31/2026,08/31/2026 15:54,Completed,40.06,3.56,-10.02,-0.0,,-0.0,32.44,2026-09-07
Bubbakoo's Burritos - Sample Store,d3eca751-dcbb,08/31/2026,08/31/2026 11:49,Completed,36.28,3.22,-9.07,-0.0,,-0.0,29.38,2026-09-07
Bubbakoo's Burritos - Sample Store,fa556835-c021,08/31/2026,08/31/2026 11:01,Completed,35.61,3.16,-8.9,-12.52,Cold food,-0.0,16.32,2026-09-07
Bubbakoo's Burritos - Sample Store,4bfc3a30-aa51,09/01/2026,09/01/2026 16:28,Completed,32.99,2.93,-8.25,-0.0,,-0.0,26.71,2026-09-07
Bubbakoo's Burritos - Sample Store,054367ba-074d,09/01/2026,09/01/2026 14:04,Completed,40.94,3.63,-10.23,-0.0,,-0.0,33.15,2026-09-07
Bubbakoo's Burritos - Sample Store,7c13b267-7bf2,09/01/2026,09/01/2026 16:38,Completed,49.0,4.35,-12.25,-22.24,Incorrect item,-0.0,17.44,2026-09-07
Bubbakoo's Burritos - Sample Store,e98e99de-c544,09/01/2026,09/01/2026 16:49,Completed,33.3,2.96,-8.32,-0.0,,-0.0,26.97,2026-09-07
Bubbakoo's Burritos - Sample Store,d3e66159-5aec,09/01/2026,09/01/2026 20:27,Completed,13.48,1.2,-3.37,-0.0,,-0.0,10.92,2026-09-07
Bubbakoo's Burritos - Sample Store,cabd4f53-7e00,09/01/2026,09/01/2026 19:38,Completed,27.21,2.41,-6.8,-0.0,,-0.0,22.03,2026-09-07
Bubbakoo's Burritos - Sample Store,ff1a5c0c-c8c2,09/01/2026,09/01/2026 13:10,Completed,38.56,3.42,-9.64,-0.0,,-0.0,31.22,2026-09-07
Bubbakoo's Burritos - Sample Store,019705ee-1bc6,09/01/2026,09/01/2026 20:18,Completed,37.98,3.37,-9.49,-0.0,,-0.0,30.76,2026-09-07
Bubbakoo's Burritos - Sample Store,25a52d39-9ddf,09/01/2026,09/01/2026 19:32,Completed,53.76,4.77,-13.44,-0.0,,-0.0,43.53,2026-09-07
Bubbakoo's Burritos - Sample Store,2e698e5f-a9e2,09/01/2026,09/01/2026 18:48,Completed,40.39,3.58,-10.1,-0.0,,-0.0,32.7,2026-09-07
Bubbakoo's Burritos - Sample Store,4205f27a-0c0a,09/02/2026,09/02/2026 20:26,Completed,53.51,4.75,-13.38,-0.0,,-0.0,43.33,2026-09-07
Bubbakoo's Burritos - Sample Store,f07b3e87-017a,09/02/2026,09/02/2026 11:57,Completed,15.75,1.4,-3.94,-0.0,,-0.0,12.75,2026-09-07
Bubbakoo's Burritos - Sample Store,1fc7df73-63da,09/02/2026,09/02/2026 12:47,Completed,33.12,2.94,-8.28,-0.0,,-0.0,26.82,2026-09-07
Bubbakoo's Burritos - Sample Store,b79c2b63-77c8,09/02/2026,09/02/2026 13:26,Completed,53.97,4.79,-13.49,-0.0,,-0.0,43.7,2026-09-07
Bubbakoo's Burritos - Sample Store,bfc43ff7-e382,09/02/2026,09/02/2026 12:19,Completed,54.9,4.87,-13.72,-0.0,,-0.0,44.46,2026-09-07
Bubbakoo's Burritos - Sample Store,5293a807-56fb,09/02/2026,09/02/2026 11:22,Completed,40.53,3.6,-10.13,-0.0,,-0.0,32.82,2026-09-07
Bubbakoo's Burritos - Sample Store,738d7ccc-b6b6,09/02/2026,09/02/2026 16:39,Completed,21.42,1.9,-5.36,-0.0,,-0.0,17.34,2026-09-07
Bubbakoo's Burritos - Sample Store,456746fe-0681,09/02/2026,09/02/2026 15:32,Completed,30.66,2.72,-7.67,-0.0,,-0.0,24.82,2026-09-07
Bubbakoo's Burritos - Sample Store,8d16c274-2897,09/03/2026,09/03/2026 14:41,Completed,24.89,2.21,-6.22,-0.0,,-0.0,20.16,2026-09-07
Bubbakoo's Burritos - Sample Store,c349dc1a-bc44,09/03/2026,09/03/2026 19:49,Completed,29.23,2.59,-7.31,-0.0,,-0.0,23.66,2026-09-07
Bubbakoo's Burritos - Sample Store,33d68d17-ace3,09/03/2026,09/03/2026 18:06,Completed,26.84,2.38,-6.71,-0.0,,-0.0,21.73,2026-09-07
Bubbakoo's Burritos - Sample Store,ea2a15ed-a1d3,09/03/2026,09/03/2026 19:06,Completed,23.63,2.1,-5.91,-0.0,,-0.0,19.13,2026-09-07
Bubbakoo's Burritos - Sample Store,fe304b6f-f676,09/03/2026,09/03/2026 20:23,Completed,38.53,3.42,-9.63,-0.0,,-0.0,31.2,2026-09-07
Bubbakoo's Burritos - Sample Store,49be7f80-7539,09/03/2026,09/03/2026 12:53,Completed,28.84,2.56,-7.21,-0.0,,-0.0,23.35,2026-09-07
Bubbakoo's Burritos - Sample Store,7fe27f01-fd5e,09/03/2026,09/03/2026 16:29,Completed,11.32,1.0,-2.83,-0.0,,-0.0,9.16,2026-09-07
Bubbakoo's Burritos - Sample Store,16829005-3b60,09/03/2026,09/03/2026 13:28,Completed,31.48,2.79,-7.87,-0.0,,-0.0,25.49,2026-09-07
Bubbakoo's Burritos - Sample Store,f4b6c7c1-e91b,09/03/2026,09/03/2026 16:33,Completed,20.6,1.83,-5.15,-6.14,Cold food,-0.0,10.54,2026-09-07
Bubbakoo's Burritos - Sample Store,846b853b-d35f,09/03/2026,09/03/2026 20:11,Completed,40.14,3.56,-10.04,-0.0,,-0.0,32.5,2026-09-07
Bubbakoo's Burritos - Sample Store,3ab18dae-8676,09/03/2026,09/03/2026 18:43,Completed,55.55,4.93,-13.89,-0.0,,-0.0,44.98,2026-09-07
Bubbakoo's Burritos - Sample Store,c46f9c9a-70ae,09/03/2026,09/03/2026 14:12,Completed,56.33,5.0,-14.08,-0.0,,-0.0,45.62,2026-09-07
Bubbakoo's Burritos - Sample Store,bbeaec5a-9be1,09/04/2026,09/04/2026 14:06,Completed,24.7,2.19,-6.17,-0.0,,-0.0,20.0,2026-09-07
Bubbakoo's Burritos - Sample Store,61784ea4-27fc,09/04/2026,09/04/2026 13:45,Completed,31.24,2.77,-7.81,-0.0,,-0.0,25.29,2026-09-07
Bubbakoo's Burritos - Sample Store,8551cc0e-b775,09/04/2026,09/04/2026 20:38,Completed,50.45,4.48,-12.61,-0.0,,-0.0,40.86,2026-09-07
Bubbakoo's Burritos - Sample Store,494d4226-a7c9,09/04/2026,09/04/2026 11:00,Completed,16.26,1.44,-4.07,-0.0,,-0.0,13.16,2026-09-07
Bubbakoo's Burritos - Sample Store,35cbae1f-518c,09/04/2026,09/04/2026 15:10,Completed,43.01,3.82,-10.75,-0.0,,-0.0,34.83,2026-09-07
Bubbakoo's Burritos - Sample Store,f319c55a-f244,09/04/2026,09/04/2026 14:46,Completed,24.21,2.15,-6.05,-0.0,,-0.0,19.61,2026-09-07
Bubbakoo's Burritos - Sample Store,ac51a8fc-6da8,09/04/2026,09/04/2026 19:40,Completed,13.55,1.2,-3.39,-0.0,,-0.0,10.97,2026-09-07
Bubbakoo's Burritos - Sample Store,8f22ef57-ce44,09/04/2026,09/04/2026 14:13,Completed,13.05,1.16,-3.26,-0.0,,-0.0,10.57,2026-09-07
Bubbakoo's Burritos - Sample Store,5b9a78bc-2b05,09/04/2026,09/04/2026 20:16,Completed,23.23,2.06,-5.81,-0.0,,-0.0,18.81,2026-09-07
Bubbakoo's Burritos - Sample Store,94d4dc36-fd1d,09/05/2026,09/05/2026 14:17,Completed,43.61,3.87,-10.9,-0.0,,-0.0,35.32,2026-09-07
Bubbakoo's Burritos - Sample Store,ee5c8991-8de3,09/05/2026,09/05/2026 12:15,Completed,48.63,4.32,-12.16,-0.0,,-0.0,39.38,2026-09-07
Bubbakoo's Burritos - Sample Store,44ca72f8-cee5,09/05/2026,09/05/2026 15:16,Completed,36.31,3.22,-9.08,-10.09,Incorrect item,-0.0,19.31,2026-09-07
Bubbakoo's Burritos - Sample Store,9ed3e976-2eaa,09/05/2026,09/05/2026 11:32,Completed,48.62,4.32,-12.15,-0.0,,-0.0,39.38,2026-09-07
Bubbakoo's Burritos - Sample Store,8459f072-9c60,09/05/2026,09/05/2026 18:39,Completed,29.49,2.62,-7.37,-0.0,,-0.0,23.88,2026-09-07
Bubbakoo's Burritos - Sample Store,d1b5c55f-2b73,09/05/2026,09/05/2026 13:14,Completed,38.69,3.43,-9.67,-0.0,,-0.0,31.33,2026-09-07
Bubbakoo's Burritos - Sample Store,9443efe9-55e3,09/05/2026,09/05/2026 17:37,Completed,55.06,4.89,-13.77,-0.0,,-0.0,44.58,2026-09-07
Bubbakoo's Burritos - Sample Store,45cd7f08-24c6,09/05/2026,09/05/2026 11:46,Completed,40.65,3.61,-10.16,-0.0,,-0.0,32.92,2026-09-07
Bubbakoo's Burritos - Sample Store,239bb65b-f4fb,09/05/2026,09/05/2026 17:05,Completed,37.74,3.35,-9.44,-0.0,,-0.0,30.56,2026-09-07
Bubbakoo's Burritos - Sample Store,195793c8-a276,09/05/2026,09/05/2026 14:24,Completed,47.39,4.21,-11.85,-0.0,,-0.0,38.38,2026-09-07
Bubbakoo's Burritos - Sample Store,576c90f9-c369,09/05/2026,09/05/2026 13:24,Completed,43.02,3.82,-10.76,-0.0,,-0.0,34.83,2026-09-07
Bubbakoo's Burritos - Sample Store,5653cf0d-b448,09/05/2026,09/05/2026 20:23,Completed,44.64,3.96,-11.16,-0.0,,-0.0,36.15,2026-09-07
Bubbakoo's Burritos - Sample Store,22b7ff5e-269b,09/05/2026,09/05/2026 15:09,Completed,49.03,4.35,-12.26,-26.14,Cold food,-0.0,13.56,2026-09-07
Bubbakoo's Burritos - Sample Store,8a5a2f34-af75,09/06/2026,09/06/2026 19:58,Completed,31.14,2.76,-7.79,-0.0,,-0.0,25.21,2026-09-07
Bubbakoo's Burritos - Sample Store,13cbbcbd-eb2f,09/06/2026,09/06/2026 20:02,Completed,27.62,2.45,-6.91,-0.0,,-0.0,22.36,2026-09-07
Bubbakoo's Burritos - Sample Store,44dd6f2c-43bf,09/06/2026,09/06/2026 12:14,Completed,23.83,2.11,-5.96,-0.0,,-0.0,19.29,2026-09-07
Bubbakoo's Burritos - Sample Store,02b608f4-4467,09/06/2026,09/06/2026 17:57,Completed,48.11,4.27,-12.03,-0.0,,-0.0,38.95,2026-09-07
Bubbakoo's Burritos - Sample Store,dfc34c1f-fe4b,09/06/2026,09/06/2026 20:21,Completed,26.55,2.36,-6.64,-0.0,,-0.0,21.5,2026-09-07
Bubbakoo's Burritos - Sample Store,e1b5c166-62aa,09/06/2026,09/06/2026 17:32,Completed,56.73,5.03,-14.18,-0.0,,-0.0,45.93,2026-09-07
Bubbakoo's Burritos - Sample Store,b1940b43-4131,09/06/2026,09/06/2026 15:04,Completed,39.57,3.51,-9.89,-0.0,,-0.0,32.04,2026-09-07
Bubbakoo's Burritos - Sample Store,e894d345-089d,09/06/2026,09/06/2026 12:58,Completed,15.08,1.34,-3.77,-0.0,,-0.0,12.21,2026-09-07
Bubbakoo's Burritos - Sample Store,003d1921-93e4,09/06/2026,09/06/2026 20:22,Completed,42.4,3.76,-10.6,-0.0,,-0.0,34.33,2026-09-07
Bubbakoo's Burritos - Sample Store,ca973c9d-a127,09/06/2026,09/06/2026 20:19,Completed,57.75,5.13,-14.44,-0.0,,-0.0,46.77,2026-09-07
Bubbakoo's Burritos - Sample Store,d60c6c6b-28ff,09/07/2026,09/07/2026 11:58,Completed,54.42,4.83,-13.61,-0.0,,-0.0,44.06,2026-09-14
Bubbakoo's Burritos - Sample Store,530b60a7-420e,09/07/2026,09/07/2026 20:34,Completed,44.81,3.98,-11.2,-0.0,,-0.0,36.29,2026-09-14
Bubbakoo's Burritos - Sample Store,a40a5eba-27ee,09/07/2026,09/07/2026 17:40,Completed,56.79,5.04,-14.2,-0.0,,-0.0,45.98,2026-09-14
Bubbakoo's Burritos - Sample Store,554b642f-6e0b,09/07/2026,09/07/2026 14:22,Completed,32.83,2.91,-8.21,-0.0,,-0.0,26.58,2026-09-14
Bubbakoo's Burritos - Sample Store,12abd36f-86bd,09/07/2026,09/07/2026 14:35,Completed,57.82,5.13,-14.46,-0.0,,-0.0,46.81,2026-09-14
Bubbakoo's Burritos - Sample Store,9907e9da-4d8e,09/07/2026,09/07/2026 12:35,Completed,20.42,1.81,-5.11,-0.0,,-0.0,16.53,2026-09-14
Bubbakoo's Burritos - Sample Store,e77b7aa3-d86c,09/07/2026,09/07/2026 19:01,Completed,23.75,2.11,-5.94,-0.0,,-0.0,19.23,2026-09-14
Bubbakoo's Burritos - Sample Store,4cce62af-a812,09/07/2026,09/07/2026 11:01,Completed,27.18,2.41,-6.79,-0.0,,-0.0,22.01,2026-09-14
Bubbakoo's Burritos - Sample Store,c9a86c1a-1c11,09/07/2026,09/07/2026 15:13,Completed,26.49,2.35,-6.62,-0.0,,-0.0,21.45,2026-09-14
Bubbakoo's Burritos - Sample Store,9878f66b-294f,09/07/2026,09/07/2026 12:37,Completed,46.11,4.09,-11.53,-0.0,,-0.0,37.33,2026-09-14
Bubbakoo's Burritos - Sample Store,0c5ef8bf-d36c,09/08/2026,09/08/2026 16:31,Completed,18.61,1.65,-4.65,-0.0,,-0.0,15.07,2026-09-14
Bubbakoo's Burritos - Sample Store,4fdd63bf-ae70,09/08/2026,09/08/2026 13:46,Completed,25.48,2.26,-6.37,-0.0,,-0.0,20.63,2026-09-14
Bubbakoo's Burritos - Sample Store,32859a94-7988,09/08/2026,09/08/2026 14:11,Completed,23.8,2.11,-5.95,-0.0,,-0.0,19.27,2026-09-14
Bubbakoo's Burritos - Sample Store,f6ae5b5b-cb13,09/08/2026,09/08/2026 15:26,Completed,28.0,2.48,-7.0,-0.0,,-0.0,22.67,2026-09-14
Bubbakoo's Burritos - Sample Store,e476c5d3-c755,09/08/2026,09/08/2026 19:33,Canceled,0.0,0.0,-0.0,-0.0,,-2.07,-2.07,2026-09-14
Bubbakoo's Burritos - Sample Store,65421edb-eae0,09/08/2026,09/08/2026 12:18,Completed,23.94,2.12,-5.99,-0.0,,-0.0,19.38,2026-09-14
Bubbakoo's Burritos - Sample Store,d39f158f-883e,09/08/2026,09/08/2026 15:25,Completed,32.13,2.85,-8.03,-0.0,,-0.0,26.02,2026-09-14
Bubbakoo's Burritos - Sample Store,8c6d6fb8-e027,09/08/2026,09/08/2026 15:31,Completed,57.08,5.07,-14.27,-0.0,,-0.0,46.22,2026-09-14
Bubbakoo's Burritos - Sample Store,f7a09efe-2d29,09/08/2026,09/08/2026 12:53,Completed,54.71,4.86,-13.68,-0.0,,-0.0,44.3,2026-09-14
Bubbakoo's Burritos - Sample Store,dd71cdeb-5987,09/08/2026,09/08/2026 17:49,Completed,29.45,2.61,-7.36,-0.0,,-0.0,23.85,2026-09-14
Bubbakoo's Burritos - Sample Store,ecaf3471-10e2,09/08/2026,09/08/2026 15:55,Completed,17.28,1.53,-5.18,-0.0,,-0.0,13.13,2026-09-14
Bubbakoo's Burritos - Sample Store,461896fb-ba8f,09/08/2026,09/08/2026 20:51,Completed,31.33,2.78,-7.83,-0.0,,-0.0,25.37,2026-09-14
Bubbakoo's Burritos - Sample Store,3506ce5f-bc4c,09/09/2026,09/09/2026 18:48,Completed,20.81,1.85,-5.2,-0.0,,-0.0,16.86,2026-09-14
Bubbakoo's Burritos - Sample Store,baeca3bb-167c,09/09/2026,09/09/2026 20:19,Completed,35.42,3.14,-8.86,-0.0,,-0.0,28.67,2026-09-14
Bubbakoo's Burritos - Sample Store,4bb446a2-c32d,09/09/2026,09/09/2026 12:31,Completed,28.28,2.51,-7.07,-0.0,,-0.0,22.9,2026-09-14
Bubbakoo's Burritos - Sample Store,aed1044a-1d19,09/09/2026,09/09/2026 14:16,Completed,11.33,1.01,-2.83,-0.0,,-0.0,9.18,2026-09-14
Bubbakoo's Burritos - Sample Store,c083c439-bb91,09/09/2026,09/09/2026 20:48,Completed,41.48,3.68,-10.37,-0.0,,-0.0,33.59,2026-09-14
Bubbakoo's Burritos - Sample Store,0e0861ee-e0cd,09/09/2026,09/09/2026 13:18,Completed,50.95,4.52,-12.74,-0.0,,-0.0,41.25,2026-09-14
Bubbakoo's Burritos - Sample Store,07422ab1-5936,09/09/2026,09/09/2026 13:17,Completed,22.87,2.03,-5.72,-0.0,,-0.0,18.52,2026-09-14
Bubbakoo's Burritos - Sample Store,c01e520c-fe88,09/09/2026,09/09/2026 19:04,Completed,46.83,4.16,-11.71,-0.0,,-0.0,37.92,2026-09-14
Bubbakoo's Burritos - Sample Store,5b568c38-e2e3,09/09/2026,09/09/2026 20:10,Completed,11.98,1.06,-3.0,-6.46,Incorrect item,-0.0,3.23,2026-09-14
Bubbakoo's Burritos - Sample Store,504cb97a-d9f5,09/09/2026,09/09/2026 20:04,Completed,18.58,1.65,-4.64,-0.0,,-0.0,15.05,2026-09-14
Bubbakoo's Burritos - Sample Store,a9da6025-a662,09/09/2026,09/09/2026 18:49,Completed,18.57,1.65,-4.64,-0.0,,-0.0,15.04,2026-09-14
Bubbakoo's Burritos - Sample Store,037d6219-e2ba,09/09/2026,09/09/2026 14:37,Completed,21.25,1.89,-5.31,-0.0,,-0.0,17.21,2026-09-14
Bubbakoo's Burritos - Sample Store,befb88fe-f2b5,09/09/2026,09/09/2026 18:28,Completed,39.87,3.54,-9.97,-0.0,,-0.0,32.28,2026-09-14
Bubbakoo's Burritos - Sample Store,426fe6d1-a421,09/09/2026,09/09/2026 11:28,Completed,15.31,1.36,-3.83,-0.0,,-0.0,12.4,2026-09-14
Bubbakoo's Burritos - Sample Store,13f3fec6-4dcc,09/09/2026,09/09/2026 12:11,Completed,39.1,3.47,-9.78,-0.0,,-0.0,31.66,2026-09-14
Bubbakoo's Burritos - Sample Store,7e62aa44-b8f2,09/09/2026,09/09/2026 17:10,Completed,14.5,1.29,-3.62,-0.0,,-0.0,11.75,2026-09-14
Bubbakoo's Burritos - Sample Store,3d8d780f-42d5,09/10/2026,09/10/2026 20:35,Completed,36.75,3.26,-9.19,-0.0,,-0.0,29.75,2026-09-14
Bubbakoo's Burritos - Sample Store,e2f3604d-523b,09/10/2026,09/10/2026 13:20,Completed,57.93,5.14,-14.48,-0.0,,-0.0,46.91,2026-09-14
Bubbakoo's Burritos - Sample Store,e36c842a-40d0,09/10/2026,09/10/2026 20:59,Completed,49.51,4.39,-12.38,-0.0,,-0.0,40.08,2026-09-14
Bubbakoo's Burritos - Sample Store,1aa68ace-d1d1,09/10/2026,09/10/2026 17:57,Completed,15.46,1.37,-3.87,-0.0,,-0.0,12.51,2026-09-14
Bubbakoo's Burritos - Sample Store,4cdee19c-d94b,09/10/2026,09/10/2026 13:21,Completed,30.74,2.73,-7.68,-0.0,,-0.0,24.9,2026-09-14
Bubbakoo's Burritos - Sample Store,859b11e1-e615,09/10/2026,09/10/2026 20:03,Completed,38.56,3.42,-9.64,-0.0,,-0.0,31.22,2026-09-14
Bubbakoo's Burritos - Sample Store,4172c2d3-f4e2,09/10/2026,09/10/2026 20:44,Completed,28.95,2.57,-7.24,-0.0,,-0.0,23.44,2026-09-14
Bubbakoo's Burritos - Sample Store,78c02307-aeb0,09/10/2026,09/10/2026 12:15,Completed,43.95,3.9,-10.99,-0.0,,-0.0,35.59,2026-09-14
Bubbakoo's Burritos - Sample Store,f4bad5b8-b589,09/10/2026,09/10/2026 18:35,Completed,33.34,2.96,-8.34,-0.0,,-0.0,26.99,2026-09-14
Bubbakoo's Burritos - Sample Store,68bbf935-8ae4,09/10/2026,09/10/2026 18:20,Completed,15.18,1.35,-3.79,-0.0,,-0.0,12.3,2026-09-14
Bubbakoo's Burritos - Sample Store,7e8d2132-a9d0,09/10/2026,09/10/2026 17:19,Completed,45.56,4.04,-11.39,-0.0,,-0.0,36.89,2026-09-14
Bubbakoo's Burritos - Sample Store,67f8c107-e272,09/10/2026,09/10/2026 15:32,Completed,16.32,1.45,-4.08,-0.0,,-0.0,13.22,2026-09-14
Bubbakoo's Burritos - Sample Store,c227cfd2-b455,09/10/2026,09/10/2026 16:40,Completed,38.12,3.38,-9.53,-0.0,,-0.0,30.86,2026-09-14
Bubbakoo's Burritos - Sample Store,c44b915d-a11d,09/10/2026,09/10/2026 13:44,Completed,29.52,2.62,-7.38,-0.0,,-0.0,23.9,2026-09-14
Bubbakoo's Burritos - Sample Store,4179d57b-a612,09/10/2026,09/10/2026 14:21,Completed,28.35,2.52,-7.09,-0.0,,-0.0,22.96,2026-09-14
Bubbakoo's Burritos - Sample Store,1c38d14f-48b1,09/11/2026,09/11/2026 17:23,Completed,40.04,3.55,-10.01,-17.53,Incorrect item,-0.0,14.89,2026-09-14
Bubbakoo's Burritos - Sample Store,812a1df2-40d2,09/11/2026,09/11/2026 13:55,Completed,46.48,4.13,-11.62,-0.0,,-0.0,37.64,2026-09-14
Bubbakoo's Burritos - Sample Store,0e0aa96d-d213,09/11/2026,09/11/2026 15:05,Completed,36.34,3.23,-9.09,-0.0,,-0.0,29.43,2026-09-14
Bubbakoo's Burritos - Sample Store,ad4b8026-df86,09/11/2026,09/11/2026 13:22,Completed,51.29,4.55,-12.82,-0.0,,-0.0,41.53,2026-09-14
Bubbakoo's Burritos - Sample Store,deae566a-bfb8,09/11/2026,09/11/2026 16:47,Completed,33.1,2.94,-8.28,-0.0,,-0.0,26.8,2026-09-14
Bubbakoo's Burritos - Sample Store,cbea949b-e72d,09/11/2026,09/11/2026 12:42,Completed,16.56,1.47,-4.14,-0.0,,-0.0,13.41,2026-09-14
Bubbakoo's Burritos - Sample Store,a3dbea88-764a,09/11/2026,09/11/2026 19:29,Completed,45.83,4.07,-11.46,-0.0,,-0.0,37.11,2026-09-14
Bubbakoo's Burritos - Sample Store,7870f85f-93a3,09/11/2026,09/11/2026 16:17,Completed,41.02,3.64,-10.26,-0.0,,-0.0,33.21,2026-09-14
Bubbakoo's Burritos - Sample Store,ff6e109d-9665,09/11/2026,09/11/2026 17:00,Completed,37.94,3.37,-11.38,-0.0,,-0.0,28.83,2026-09-14
Bubbakoo's Burritos - Sample Store,ed778603-5cff,09/11/2026,09/11/2026 14:52,Completed,20.77,1.84,-5.19,-0.0,,-0.0,16.82,2026-09-14
Bubbakoo's Burritos - Sample Store,ffac8756-6de7,09/11/2026,09/11/2026 20:42,Completed,31.32,2.78,-7.83,-0.0,,-0.0,25.36,2026-09-14
Bubbakoo's Burritos - Sample Store,0ecac7cb-cd3d,09/11/2026,09/11/2026 12:43,Completed,21.45,1.9,-5.36,-0.0,,-0.0,17.37,2026-09-14
Bubbakoo's Burritos - Sample Store,2df27ca3-c0e7,09/12/2026,09/12/2026 18:12,Completed,15.38,1.36,-3.85,-0.0,,-0.0,12.44,2026-09-14
Bubbakoo's Burritos - Sample Store,b5524dba-53eb,09/12/2026,09/12/2026 11:57,Completed,18.54,1.65,-4.63,-0.0,,-0.0,15.02,2026-09-14
Bubbakoo's Burritos - Sample Store,32b2392e-f834,09/12/2026,09/12/2026 14:22,Completed,39.64,3.52,-9.91,-0.0,,-0.0,32.1,2026-09-14
Bubbakoo's Burritos - Sample Store,f9800059-7baa,09/12/2026,09/12/2026 17:40,Completed,30.22,2.68,-7.55,-0.0,,-0.0,24.47,2026-09-14
Bubbakoo's Burritos - Sample Store,a043a885-59dc,09/12/2026,09/12/2026 13:49,Completed,19.46,1.73,-4.87,-0.0,,-0.0,15.76,2026-09-14
Bubbakoo's Burritos - Sample Store,739b298c-0388,09/12/2026,09/12/2026 18:30,Completed,36.72,3.26,-9.18,-0.0,,-0.0,29.74,2026-09-14
Bubbakoo's Burritos - Sample Store,ea32a76e-0c51,09/12/2026,09/12/2026 17:45,Completed,35.03,3.11,-8.76,-0.0,,-0.0,28.36,2026-09-14
Bubbakoo's Burritos - Sample Store,ec3c6aca-cd53,09/12/2026,09/12/2026 13:40,Completed,43.46,3.86,-10.87,-0.0,,-0.0,35.19,2026-09-14
Bubbakoo's Burritos - Sample Store,ba77495c-616a,09/12/2026,09/12/2026 18:04,Completed,44.16,3.92,-11.04,-0.0,,-0.0,35.76,2026-09-14
Bubbakoo's Burritos - Sample Store,e75e3a57-fe56,09/12/2026,09/12/2026 16:23,Completed,53.07,4.71,-13.27,-0.0,,-0.0,42.97,2026-09-14
Bubbakoo's Burritos - Sample Store,8f525c79-c1ef,09/12/2026,09/12/2026 20:53,Completed,43.34,3.85,-10.84,-0.0,,-0.0,35.09,2026-09-14
Bubbakoo's Burritos - Sample Store,ee224ae1-7df6,09/12/2026,09/12/2026 15:41,Completed,51.35,4.56,-12.84,-0.0,,-0.0,41.58,2026-09-14
Bubbakoo's Burritos - Sample Store,011e5c4d-eef0,09/12/2026,09/12/2026 16:01,Completed,38.57,3.42,-9.64,-0.0,,-0.0,31.23,2026-09-14
Bubbakoo's Burritos - Sample Store,7119a975-6f74,09/12/2026,09/12/2026 15:43,Completed,52.2,4.63,-13.05,-0.0,,-0.0,42.27,2026-09-14
Bubbakoo's Burritos - Sample Store,2e506eaf-ecd4,09/13/2026,09/13/2026 19:35,Completed,22.23,1.97,-6.67,-0.0,,-0.0,16.89,2026-09-14
Bubbakoo's Burritos - Sample Store,4efb3823-c127,09/13/2026,09/13/2026 12:30,Completed,26.92,2.39,-6.73,-0.0,,-0.0,21.8,2026-09-14
Bubbakoo's Burritos - Sample Store,e8efc46d-ee77,09/13/2026,09/13/2026 13:38,Completed,19.09,1.69,-4.77,-0.0,,-0.0,15.46,2026-09-14
Bubbakoo's Burritos - Sample Store,a5e5525a-bc23,09/13/2026,09/13/2026 11:46,Completed,34.39,3.05,-8.6,-0.0,,-0.0,27.84,2026-09-14
Bubbakoo's Burritos - Sample Store,be14472c-855a,09/13/2026,09/13/2026 19:39,Completed,12.86,1.14,-3.21,-0.0,,-0.0,10.42,2026-09-14
Bubbakoo's Burritos - Sample Store,e710dff7-3d7b,09/13/2026,09/13/2026 18:23,Completed,23.17,2.06,-5.79,-6.21,Cold food,-0.0,12.56,2026-09-14
Bubbakoo's Burritos - Sample Store,55c080c4-5d44,09/13/2026,09/13/2026 12:29,Completed,36.2,3.21,-9.05,-0.0,,-0.0,29.31,2026-09-14
Bubbakoo's Burritos - Sample Store,11b0efa8-6e42,09/13/2026,09/13/2026 11:38,Completed,29.84,2.65,-7.46,-0.0,,-0.0,24.16,2026-09-14
Bubbakoo's Burritos - Sample Store,ae31d524-8096,09/13/2026,09/13/2026 15:29,Completed,54.24,4.81,-13.56,-0.0,,-0.0,43.92,2026-09-14
Bubbakoo's Burritos - Sample Store,96dd6373-ef13,09/13/2026,09/13/2026 20:36,Completed,49.01,4.35,-12.25,-0.0,,-0.0,39.69,2026-09-14
Bubbakoo's Burritos - Sample Store,9401135d-2f51,09/13/2026,09/13/2026 13:10,Completed,42.02,3.73,-10.51,-0.0,,-0.0,34.02,2026-09-14
Bubbakoo's Burritos - Sample Store,953f8018-3893,09/13/2026,09/13/2026 12:55,Completed,48.68,4.32,-12.17,-0.0,,-0.0,39.42,2026-09-14
Bubbakoo's Burritos - Sample Store,701266aa-fa68,09/13/2026,09/13/2026 17:56,Completed,44.47,3.95,-11.12,-0.0,,-0.0,36.01,2026-09-14
Bubbakoo's Burritos - Sample Store,42bbdc2f-df3e,09/13/2026,09/13/2026 15:00,Completed,40.93,3.63,-10.23,-0.0,,-0.0,33.14,2026-09-14
Bubbakoo's Burritos - Sample Store,dfe94c8b-158e,09/13/2026,09/13/2026 11:03,Completed,18.19,1.61,-4.55,-0.0,,-0.0,14.72,2026-09-14
Bubbakoo's Burritos - Sample Store,a2622886-e608,09/14/2026,09/14/2026 15:04,Completed,51.53,4.57,-12.88,-0.0,,-0.0,41.73,2026-09-21
Bubbakoo's Burritos - Sample Store,1eed67aa-b832,09/14/2026,09/14/2026 12:07,Completed,53.75,4.77,-13.44,-0.0,,-0.0,43.52,2026-09-21
Bubbakoo's Burritos - Sample Store,347426bb-debc,09/14/2026,09/14/2026 16:07,Completed,54.25,4.81,-13.56,-0.0,,-0.0,43.93,2026-09-21
Bubbakoo's Burritos - Sample Store,f2efd191-176b,09/14/2026,09/14/2026 12:00,Completed,45.41,4.03,-11.35,-0.0,,-0.0,36.77,2026-09-21
Bubbakoo's Burritos - Sample Store,ce6e39c4-c93b,09/14/2026,09/14/2026 17:31,Completed,43.87,3.89,-10.97,-0.0,,-0.0,35.52,2026-09-21
Bubbakoo's Burritos - Sample Store,3f6eebd6-82af,09/14/2026,09/14/2026 15:47,Completed,23.73,2.11,-5.93,-0.0,,-0.0,19.22,2026-09-21
Bubbakoo's Burritos - Sample Store,7624b4df-5e43,09/14/2026,09/14/2026 12:37,Completed,21.21,1.88,-5.3,-0.0,,-0.0,17.17,2026-09-21
Bubbakoo's Burritos - Sample Store,e98ab34b-bb70,09/14/2026,09/14/2026 17:50,Completed,20.86,1.85,-5.21,-0.0,,-0.0,16.9,2026-09-21
Bubbakoo's Burritos - Sample Store,f27c7a63-c977,09/14/2026,09/14/2026 14:08,Completed,33.18,2.94,-8.29,-0.0,,-0.0,26.87,2026-09-21
Bubbakoo's Burritos - Sample Store,482a9d69-7b7e,09/14/2026,09/14/2026 15:30,Completed,23.97,2.13,-5.99,-0.0,,-0.0,19.41,2026-09-21
Bubbakoo's Burritos - Sample Store,41012d50-4d7a,09/14/2026,09/14/2026 18:27,Completed,48.95,4.34,-12.24,-0.0,,-0.0,39.63,2026-09-21
Bubbakoo's Burritos - Sample Store,f8896818-c94f,09/14/2026,09/14/2026 13:54,Completed,24.73,2.19,-6.18,-0.0,,-0.0,20.02,2026-09-21
Bubbakoo's Burritos - Sample Store,82729265-2c1c,09/14/2026,09/14/2026 14:13,Completed,50.84,4.51,-12.71,-0.0,,-0.0,41.17,2026-09-21
Bubbakoo's Burritos - Sample Store,93d5c054-b8cf,09/14/2026,09/14/2026 17:37,Completed,24.05,2.13,-6.01,-0.0,,-0.0,19.47,2026-09-21
Bubbakoo's Burritos - Sample Store,0447e39e-1960,09/14/2026,09/14/2026 18:30,Completed,41.35,3.67,-10.34,-0.0,,-0.0,33.48,2026-09-21
Bubbakoo's Burritos - Sample Store,4e705c3f-fc64,09/14/2026,09/14/2026 20:10,Completed,31.46,2.79,-7.87,-0.0,,-0.0,25.47,2026-09-21
Bubbakoo's Burritos - Sample Store,fbdfb433-5e52,09/15/2026,09/15/2026 18:50,Completed,33.34,2.96,-8.34,-0.0,,-0.0,26.99,2026-09-21
Bubbakoo's Burritos - Sample Store,7a793013-3646,09/15/2026,09/15/2026 12:30,Completed,18.32,1.63,-4.58,-0.0,,-0.0,14.84,2026-09-21
Bubbakoo's Burritos - Sample Store,f8667c38-543f,09/15/2026,09/15/2026 20:24,Completed,21.51,1.91,-5.38,-0.0,,-0.0,17.42,2026-09-21
Bubbakoo's Burritos - Sample Store,033c2cac-7762,09/15/2026,09/15/2026 11:12,Completed,55.61,4.94,-13.9,-0.0,,-0.0,45.04,2026-09-21
Bubbakoo's Burritos - Sample Store,3d911cf8-40c3,09/15/2026,09/15/2026 12:36,Completed,56.14,4.98,-14.04,-0.0,,-0.0,45.45,2026-09-21
Bubbakoo's Burritos - Sample Store,4967924e-72ca,09/15/2026,09/15/2026 20:55,Completed,42.34,3.76,-10.59,-0.0,,-0.0,34.28,2026-09-21
Bubbakoo's Burritos - Sample Store,b6051ef8-a0f0,09/15/2026,09/15/2026 13:07,Completed,46.94,4.17,-11.73,-0.0,,-0.0,38.02,2026-09-21
Bubbakoo's Burritos - Sample Store,58812b7f-440e,09/15/2026,09/15/2026 17:48,Completed,18.26,1.62,-4.57,-0.0,,-0.0,14.78,2026-09-21
Bubbakoo's Burritos - Sample Store,aed1da2b-9116,09/15/2026,09/15/2026 18:24,Completed,54.33,4.82,-13.58,-0.0,,-0.0,43.99,2026-09-21
Bubbakoo's Burritos - Sample Store,4112e822-5552,09/15/2026,09/15/2026 19:32,Completed,28.44,2.52,-7.11,-0.0,,-0.0,23.03,2026-09-21
Bubbakoo's Burritos - Sample Store,eb832b43-5155,09/15/2026,09/15/2026 18:40,Completed,32.7,2.9,-8.18,-0.0,,-0.0,26.47,2026-09-21
Bubbakoo's Burritos - Sample Store,20ae0802-b4cd,09/15/2026,09/15/2026 15:14,Completed,45.92,4.08,-11.48,-0.0,,-0.0,37.19,2026-09-21
Bubbakoo's Burritos - Sample Store,ec589334-1593,09/16/2026,09/16/2026 13:06,Completed,37.18,3.3,-9.29,-0.0,,-0.0,30.11,2026-09-21
Bubbakoo's Burritos - Sample Store,e9872e6a-49a9,09/16/2026,09/16/2026 15:54,Completed,26.25,2.33,-6.56,-0.0,,-0.0,21.26,2026-09-21
Bubbakoo's Burritos - Sample Store,040f413d-df5b,09/16/2026,09/16/2026 13:57,Completed,54.29,4.82,-13.57,-0.0,,-0.0,43.97,2026-09-21
Bubbakoo's Burritos - Sample Store,dfbdcc09-d425,09/16/2026,09/16/2026 20:09,Completed,49.52,4.39,-12.38,-0.0,,-0.0,40.09,2026-09-21
Bubbakoo's Burritos - Sample Store,16c8da3a-17bd,09/16/2026,09/16/2026 14:21,Completed,43.8,3.89,-10.95,-0.0,,-0.0,35.47,2026-09-21
Bubbakoo's Burritos - Sample Store,a21a8cba-7452,09/16/2026,09/16/2026 20:50,Completed,42.11,3.74,-10.53,-0.0,,-0.0,34.1,2026-09-21
Bubbakoo's Burritos - Sample Store,c2955c12-727d,09/16/2026,09/16/2026 16:15,Completed,35.39,3.14,-8.85,-0.0,,-0.0,28.65,2026-09-21
Bubbakoo's Burritos - Sample Store,fd8ef4d0-8af1,09/16/2026,09/16/2026 15:05,Completed,55.14,4.89,-13.79,-0.0,,-0.0,44.64,2026-09-21
Bubbakoo's Burritos - Sample Store,34fd8c13-82d5,09/16/2026,09/16/2026 18:36,Completed,12.75,1.13,-3.19,-0.0,,-0.0,10.32,2026-09-21
Bubbakoo's Burritos - Sample Store,4c76b941-c7c1,09/16/2026,09/16/2026 12:20,Completed,52.79,4.69,-13.2,-0.0,,-0.0,42.75,2026-09-21
Bubbakoo's Burritos - Sample Store,b0691278-3506,09/16/2026,09/16/2026 11:43,Completed,45.4,4.03,-11.35,-0.0,,-0.0,36.76,2026-09-21
Bubbakoo's Burritos - Sample Store,6d93e0d1-a782,09/16/2026,09/16/2026 17:10,Completed,14.15,1.26,-3.54,-0.0,,-0.0,11.46,2026-09-21
Bubbakoo's Burritos - Sample Store,47783c71-ba14,09/16/2026,09/16/2026 11:35,Completed,51.48,4.57,-12.87,-0.0,,-0.0,41.69,2026-09-21
Bubbakoo's Burritos - Sample Store,f21fd81c-740b,09/16/2026,09/16/2026 18:58,Completed,19.53,1.73,-4.88,-0.0,,-0.0,15.81,2026-09-21
Bubbakoo's Burritos - Sample Store,a20ca987-baa6,09/17/2026,09/17/2026 14:36,Completed,46.65,4.14,-11.66,-0.0,,-0.0,37.78,2026-09-21
Bubbakoo's Burritos - Sample Store,357f5af7-d303,09/17/2026,09/17/2026 19:01,Completed,18.88,1.68,-4.72,-0.0,,-0.0,15.29,2026-09-21
Bubbakoo's Burritos - Sample Store,55939992-bed5,09/17/2026,09/17/2026 18:31,Completed,16.01,1.42,-4.0,-0.0,,-0.0,12.97,2026-09-21
Bubbakoo's Burritos - Sample Store,93d9cf16-7e70,09/17/2026,09/17/2026 11:48,Completed,41.83,3.71,-10.46,-0.0,,-0.0,33.87,2026-09-21
Bubbakoo's Burritos - Sample Store,5c991cf7-84f3,09/17/2026,09/17/2026 18:11,Completed,14.15,1.26,-3.54,-0.0,,-0.0,11.46,2026-09-21
Bubbakoo's Burritos - Sample Store,52c7ab7d-0455,09/17/2026,09/17/2026 16:04,Completed,56.68,5.03,-14.17,-0.0,,-0.0,45.9,2026-09-21
Bubbakoo's Burritos - Sample Store,dfb1ae7a-26bd,09/17/2026,09/17/2026 17:15,Completed,12.73,1.13,-3.18,-0.0,,-0.0,10.31,2026-09-21
Bubbakoo's Burritos - Sample Store,d6227890-3c35,09/17/2026,09/17/2026 16:31,Completed,53.76,4.77,-13.44,-0.0,,-0.0,43.53,2026-09-21
Bubbakoo's Burritos - Sample Store,ced3463f-cc5b,09/17/2026,09/17/2026 18:34,Completed,29.21,2.59,-7.3,-0.0,,-0.0,23.65,2026-09-21
Bubbakoo's Burritos - Sample Store,118fd00c-373a,09/17/2026,09/17/2026 13:28,Completed,56.5,5.01,-14.12,-0.0,,-0.0,45.75,2026-09-21
Bubbakoo's Burritos - Sample Store,3fe46e3c-68af,09/17/2026,09/17/2026 12:42,Completed,43.71,3.88,-10.93,-0.0,,-0.0,35.39,2026-09-21
Bubbakoo's Burritos - Sample Store,5322452c-e4b4,09/17/2026,09/17/2026 14:54,Completed,31.66,2.81,-7.92,-0.0,,-0.0,25.63,2026-09-21
Bubbakoo's Burritos - Sample Store,10b6108f-f3a8,09/17/2026,09/17/2026 19:50,Completed,26.54,2.36,-6.63,-0.0,,-0.0,21.5,2026-09-21
Bubbakoo's Burritos - Sample Store,57b337bb-800f,09/17/2026,09/17/2026 18:00,Completed,55.0,4.88,-13.75,-0.0,,-0.0,44.54,2026-09-21
Bubbakoo's Burritos - Sample Store,e6960f2c-261a,09/17/2026,09/17/2026 13:55,Completed,51.59,4.58,-12.9,-0.0,,-0.0,41.77,2026-09-21
Bubbakoo's Burritos - Sample Store,42d7e396-3b93,09/18/2026,09/18/2026 12:18,Completed,15.16,1.35,-3.79,-0.0,,-0.0,12.28,2026-09-21
Bubbakoo's Burritos - Sample Store,7c8665bc-58c7,09/18/2026,09/18/2026 20:53,Completed,25.5,2.26,-6.38,-0.0,,-0.0,20.64,2026-09-21
Bubbakoo's Burritos - Sample Store,eb62ca87-6c2a,09/18/2026,09/18/2026 19:41,Completed,27.24,2.42,-6.81,-0.0,,-0.0,22.06,2026-09-21
Bubbakoo's Burritos - Sample Store,03e3c01b-0e76,09/18/2026,09/18/2026 16:49,Completed,12.1,1.07,-3.02,-0.0,,-0.0,9.8,2026-09-21
Bubbakoo's Burritos - Sample Store,b6daf36f-a18e,09/18/2026,09/18/2026 16:07,Completed,46.74,4.15,-11.69,-0.0,,-0.0,37.84,2026-09-21
Bubbakoo's Burritos - Sample Store,529c32f9-9dc0,09/18/2026,09/18/2026 17:50,Completed,12.88,1.14,-3.22,-0.0,,-0.0,10.43,2026-09-21
Bubbakoo's Burritos - Sample Store,bcd49f79-5e85,09/18/2026,09/18/2026 19:20,Completed,51.79,4.6,-12.95,-0.0,,-0.0,41.94,2026-09-21
Bubbakoo's Burritos - Sample Store,c06601ab-9900,09/18/2026,09/18/2026 20:55,Completed,27.6,2.45,-6.9,-0.0,,-0.0,22.35,2026-09-21
Bubbakoo's Burritos - Sample Store,f7379d1a-ca6d,09/18/2026,09/18/2026 16:37,Completed,49.35,4.38,-12.34,-0.0,,-0.0,39.96,2026-09-21
Bubbakoo's Burritos - Sample Store,38400d42-fbdd,09/18/2026,09/18/2026 18:52,Completed,36.52,3.24,-9.13,-0.0,,-0.0,29.57,2026-09-21
Bubbakoo's Burritos - Sample Store,068a4efb-88f2,09/18/2026,09/18/2026 20:07,Completed,23.12,2.05,-5.78,-0.0,,-0.0,18.72,2026-09-21
Bubbakoo's Burritos - Sample Store,61ea592b-f267,09/18/2026,09/18/2026 12:14,Completed,38.15,3.39,-9.54,-0.0,,-0.0,30.89,2026-09-21
Bubbakoo's Burritos - Sample Store,042b5db6-412b,09/18/2026,09/18/2026 16:54,Completed,30.57,2.71,-7.64,-0.0,,-0.0,24.75,2026-09-21
Bubbakoo's Burritos - Sample Store,75682bb2-a70a,09/18/2026,09/18/2026 12:00,Completed,22.12,1.96,-5.53,-0.0,,-0.0,17.91,2026-09-21
Bubbakoo's Burritos - Sample Store,ff6be902-bdfc,09/18/2026,09/18/2026 16:56,Completed,15.61,1.39,-3.9,-0.0,,-0.0,12.65,2026-09-21
Bubbakoo's Burritos - Sample Store,92ecee95-d66a,09/19/2026,09/19/2026 20:03,Completed,11.75,1.26,-3.56,-0.0,,-0.0,9.11,2026-09-21
Bubbakoo's Burritos - Sample Store,eed77f97-d1ad,09/19/2026,09/19/2026 12:58,Completed,20.41,1.81,-5.1,-0.0,,-0.0,16.53,2026-09-21
Bubbakoo's Burritos - Sample Store,61b89dc4-40ca,09/19/2026,09/19/2026 20:47,Completed,16.45,1.46,-4.11,-0.0,,-0.0,13.32,2026-09-21
Bubbakoo's Burritos - Sample Store,a973cd53-a3e7,09/19/2026,09/19/2026 13:46,Completed,17.39,1.54,-4.35,-0.0,,-0.0,14.08,2026-09-21
Bubbakoo's Burritos - Sample Store,2f534791-3de5,09/19/2026,09/19/2026 19:25,Completed,36.13,3.21,-9.03,-0.0,,-0.0,29.26,2026-09-21
Bubbakoo's Burritos - Sample Store,879d5c4e-ede1,09/19/2026,09/19/2026 12:29,Completed,56.94,5.05,-14.23,-6.83,Missing item,-0.0,39.28,2026-09-21
Bubbakoo's Burritos - Sample Store,570e44fe-f6b0,09/19/2026,09/19/2026 15:06,Completed,54.95,4.88,-13.74,-0.0,,-0.0,44.5,2026-09-21
Bubbakoo's Burritos - Sample Store,2989d372-fcd5,09/19/2026,09/19/2026 20:33,Completed,36.39,3.23,-9.1,-0.0,,-0.0,29.46,2026-09-21
Bubbakoo's Burritos - Sample Store,65f5533c-9189,09/19/2026,09/19/2026 16:06,Completed,46.72,4.15,-11.68,-0.0,,-0.0,37.84,2026-09-21
Bubbakoo's Burritos - Sample Store,6d490acf-c946,09/19/2026,09/19/2026 14:46,Completed,45.58,4.05,-11.39,-0.0,,-0.0,36.92,2026-09-21
Bubbakoo's Burritos - Sample Store,f0c09168-b232,09/19/2026,09/19/2026 15:30,Completed,44.38,3.94,-11.1,-0.0,,-0.0,35.93,2026-09-21
Bubbakoo's Burritos - Sample Store,1af08d1e-4c78,09/19/2026,09/19/2026 19:01,Completed,18.7,1.66,-4.67,-0.0,,-0.0,15.15,2026-09-21
Bubbakoo's Burritos - Sample Store,46edc722-8005,09/19/2026,09/19/2026 18:29,Completed,31.87,2.83,-7.97,-0.0,,-0.0,25.81,2026-09-21
Bubbakoo's Burritos - Sample Store,4802d225-5dde,09/19/2026,09/19/2026 11:18,Completed,40.42,3.59,-10.11,-0.0,,-0.0,32.73,2026-09-21
Bubbakoo's Burritos - Sample Store,f24b1984-efd2,09/20/2026,09/20/2026 17:00,Completed,24.22,2.15,-6.05,-0.0,,-0.0,19.62,2026-09-21
Bubbakoo's Burritos - Sample Store,5b8b1e5e-79c6,09/20/2026,09/20/2026 12:28,Completed,40.31,3.58,-10.08,-0.0,,-0.0,32.64,2026-09-21
Bubbakoo's Burritos - Sample Store,9ed8b4b2-a705,09/20/2026,09/20/2026 17:22,Canceled,0.0,0.0,-0.0,-0.0,,-2.04,-2.04,2026-09-21
Bubbakoo's Burritos - Sample Store,8b813dee-16d0,09/20/2026,09/20/2026 11:45,Completed,27.21,2.41,-6.8,-0.0,,-0.0,22.03,2026-09-21
Bubbakoo's Burritos - Sample Store,aca40b0b-5767,09/20/2026,09/20/2026 15:35,Completed,32.78,2.91,-8.2,-0.0,,-0.0,26.54,2026-09-21
Bubbakoo's Burritos - Sample Store,f435008d-d8a1,09/20/2026,09/20/2026 11:07,Completed,16.57,1.47,-4.14,-0.0,,-0.0,13.42,2026-09-21
Bubbakoo's Burritos - Sample Store,76bd0810-e62c,09/20/2026,09/20/2026 14:06,Completed,46.4,4.12,-11.6,-0.0,,-0.0,37.57,2026-09-21
Bubbakoo's Burritos - Sample Store,94ef796e-de6f,09/20/2026,09/20/2026 13:25,Completed,47.1,4.18,-11.78,-0.0,,-0.0,38.13,2026-09-21
Bubbakoo's Burritos - Sample Store,d583ad98-fbea,09/20/2026,09/20/2026 16:28,Completed,44.09,3.91,-11.02,-0.0,,-0.0,35.7,2026-09-21
Bubbakoo's Burritos - Sample Store,90544146-75c9,09/20/2026,09/20/2026 15:21,Completed,42.13,3.74,-10.53,-0.0,,-0.0,34.12,2026-09-21
Bubbakoo's Burritos - Sample Store,61002be4-a872,09/20/2026,09/20/2026 13:44,Completed,18.42,1.63,-4.61,-0.0,,-0.0,14.91,2026-09-21
Bubbakoo's Burritos - Sample Store,15f799bd-1b33,09/20/2026,09/20/2026 15:33,Completed,52.13,4.63,-13.03,-0.0,,-0.0,42.22,2026-09-21
Bubbakoo's Burritos - Sample Store,7b7983a0-6dae,09/20/2026,09/20/2026 11:49,Completed,57.97,5.14,-14.49,-0.0,,-0.0,46.94,2026-09-21
Bubbakoo's Burritos - Sample Store,9175dbca-1d63,09/20/2026,09/20/2026 13:11,Completed,42.16,3.74,-10.54,-0.0,,-0.0,34.14,2026-09-21
Bubbakoo's Burritos - Sample Store,59febf80-acf9,09/20/2026,09/20/2026 17:33,Canceled,0.0,0.0,-0.0,-0.0,,-0.0,0.0,2026-09-21
Bubbakoo's Burritos - Sample Store,ce02681f-704d,09/20/2026,09/20/2026 13:42,Completed,33.98,3.02,-8.49,-0.0,,-0.0,27.52,2026-09-21
Bubbakoo's Burritos - Sample Store,76bde92c-94b5,09/21/2026,09/21/2026 13:04,Canceled,0.0,0.0,-0.0,-0.0,,-1.78,-1.78,2026-09-28
Bubbakoo's Burritos - Sample Store,0b324858-aed6,09/21/2026,09/21/2026 18:17,Completed,55.67,4.94,-13.92,-0.0,,-0.0,45.08,2026-09-28
Bubbakoo's Burritos - Sample Store,f32e0e9b-1e05,09/21/2026,09/21/2026 15:27,Completed,34.19,3.03,-8.55,-0.0,,-0.0,27.68,2026-09-28
Bubbakoo's Burritos - Sample Store,6ea7827b-cbab,09/21/2026,09/21/2026 20:57,Completed,32.36,2.87,-8.09,-0.0,,-0.0,26.2,2026-09-28
Bubbakoo's Burritos - Sample Store,20a62f1f-d79a,09/21/2026,09/21/2026 15:06,Canceled,0.0,0.0,-0.0,-0.0,,-0.0,0.0,2026-09-28
Bubbakoo's Burritos - Sample Store,f2d5ed14-5c2e,09/21/2026,09/21/2026 18:00,Completed,48.11,4.27,-12.03,-0.0,,-0.0,38.95,2026-09-28
Bubbakoo's Burritos - Sample Store,b13a4c77-c790,09/21/2026,09/21/2026 18:01,Completed,19.65,1.74,-4.91,-0.0,,-0.0,15.91,2026-09-28
Bubbakoo's Burritos - Sample Store,8a0b86f8-86ec,09/21/2026,09/21/2026 17:01,Completed,28.51,2.53,-7.13,-0.0,,-0.0,23.08,2026-09-28
Bubbakoo's Burritos - Sample Store,55e6b126-34f5,09/21/2026,09/21/2026 19:11,Completed,17.8,1.58,-4.45,-0.0,,-0.0,14.41,2026-09-28
Bubbakoo's Burritos - Sample Store,037b719f-6454,09/21/2026,09/21/2026 18:04,Completed,25.2,2.24,-6.3,-0.0,,-0.0,20.41,2026-09-28
Bubbakoo's Burritos - Sample Store,c56eccec-7e4a,09/21/2026,09/21/2026 19:01,Completed,28.0,2.48,-7.0,-0.0,,-0.0,22.67,2026-09-28
Bubbakoo's Burritos - Sample Store,8a11086e-1cce,09/22/2026,09/22/2026 15:49,Completed,23.92,2.12,-5.98,-0.0,,-0.0,19.37,2026-09-28
Bubbakoo's Burritos - Sample Store,51e5a764-fa78,09/22/2026,09/22/2026 11:16,Completed,53.5,4.75,-13.38,-0.0,,-0.0,43.32,2026-09-28
Bubbakoo's Burritos - Sample Store,d724b008-40ed,09/22/2026,09/22/2026 14:42,Completed,34.61,3.07,-8.65,-0.0,,-0.0,28.03,2026-09-28
Bubbakoo's Burritos - Sample Store,b2ee4135-1f4b,09/22/2026,09/22/2026 19:40,Completed,26.52,2.35,-6.63,-0.0,,-0.0,21.47,2026-09-28
Bubbakoo's Burritos - Sample Store,1c3ccd6a-4cc2,09/22/2026,09/22/2026 19:24,Completed,50.65,4.5,-12.66,-0.0,,-0.0,41.02,2026-09-28
Bubbakoo's Burritos - Sample Store,0bfdddb0-b3f1,09/22/2026,09/22/2026 14:46,Completed,16.95,1.5,-4.24,-0.0,,-0.0,13.72,2026-09-28
Bubbakoo's Burritos - Sample Store,f724809c-7a00,09/22/2026,09/22/2026 16:02,Completed,42.6,3.78,-10.65,-0.0,,-0.0,34.49,2026-09-28
Bubbakoo's Burritos - Sample Store,83d53aa8-f93c,09/22/2026,09/22/2026 12:02,Completed,26.79,2.38,-6.7,-0.0,,-0.0,21.69,2026-09-28
Bubbakoo's Burritos - Sample Store,01429d21-752f,09/22/2026,09/22/2026 15:44,Completed,21.19,1.88,-5.3,-0.0,,-0.0,17.16,2026-09-28
Bubbakoo's Burritos - Sample Store,9452848e-b587,09/22/2026,09/22/2026 14:34,Completed,35.83,3.18,-8.96,-0.0,,-0.0,29.01,2026-09-28
Bubbakoo's Burritos - Sample Store,6dbf8233-ae16,09/22/2026,09/22/2026 11:07,Completed,35.24,3.13,-8.81,-0.0,,-0.0,28.54,2026-09-28
Bubbakoo's Burritos - Sample Store,ff725c2e-76bc,09/22/2026,09/22/2026 17:02,Completed,21.11,1.87,-5.28,-0.0,,-0.0,17.09,2026-09-28
Bubbakoo's Burritos - Sample Store,662e913b-1b03,09/23/2026,09/23/2026 12:32,Completed,49.82,4.42,-12.46,-0.0,,-0.0,40.34,2026-09-28
Bubbakoo's Burritos - Sample Store,3e6d8453-331a,09/23/2026,09/23/2026 11:11,Completed,28.92,2.57,-7.23,-0.0,,-0.0,23.42,2026-09-28
Bubbakoo's Burritos - Sample Store,e0be1485-0555,09/23/2026,09/23/2026 16:16,Completed,27.55,2.45,-6.89,-0.0,,-0.0,22.31,2026-09-28
Bubbakoo's Burritos - Sample Store,c7e59d4c-304f,09/23/2026,09/23/2026 18:38,Completed,50.57,4.49,-12.64,-0.0,,-0.0,40.95,2026-09-28
Bubbakoo's Burritos - Sample Store,6b00c5ed-aff7,09/23/2026,09/23/2026 11:12,Completed,35.59,3.16,-8.9,-0.0,,-0.0,28.82,2026-09-28
Bubbakoo's Burritos - Sample Store,ac3b9577-c0e4,09/23/2026,09/23/2026 15:19,Completed,19.76,1.75,-4.94,-0.0,,-0.0,16.0,2026-09-28
Bubbakoo's Burritos - Sample Store,ed2ed9b8-2c70,09/23/2026,09/23/2026 14:59,Completed,14.51,1.29,-3.63,-0.0,,-0.0,11.75,2026-09-28
Bubbakoo's Burritos - Sample Store,3497c785-4fcc,09/23/2026,09/23/2026 19:24,Completed,22.46,1.99,-5.62,-0.0,,-0.0,18.18,2026-09-28
Bubbakoo's Burritos - Sample Store,fe55f9d1-df48,09/23/2026,09/23/2026 18:10,Completed,45.57,4.04,-11.39,-0.0,,-0.0,36.9,2026-09-28
Bubbakoo's Burritos - Sample Store,ca0ad111-f37f,09/23/2026,09/23/2026 19:58,Completed,50.46,4.48,-12.62,-0.0,,-0.0,40.86,2026-09-28
Bubbakoo's Burritos - Sample Store,9688d262-218b,09/23/2026,09/23/2026 16:47,Completed,43.67,3.88,-10.92,-0.0,,-0.0,35.36,2026-09-28
Bubbakoo's Burritos - Sample Store,9b675cde-d1fe,09/23/2026,09/23/2026 13:18,Completed,51.11,4.54,-12.78,-0.0,,-0.0,41.39,2026-09-28
Bubbakoo's Burritos - Sample Store,7ca7c984-1ad7,09/23/2026,09/23/2026 11:13,Completed,36.62,3.25,-9.15,-0.0,,-0.0,29.66,2026-09-28
Bubbakoo's Burritos - Sample Store,57145abb-e0ff,09/23/2026,09/23/2026 19:55,Completed,34.01,3.02,-8.5,-0.0,,-0.0,27.54,2026-09-28
Bubbakoo's Burritos - Sample Store,ea9d9028-23df,09/24/2026,09/24/2026 13:35,Completed,52.53,4.66,-13.13,-0.0,,-0.0,42.54,2026-09-28
Bubbakoo's Burritos - Sample Store,bc9dbb56-1b88,09/24/2026,09/24/2026 12:08,Completed,45.78,4.06,-11.45,-0.0,,-0.0,37.06,2026-09-28
Bubbakoo's Burritos - Sample Store,4ba01317-9edb,09/24/2026,09/24/2026 15:59,Completed,45.45,4.03,-11.36,-0.0,,-0.0,36.8,2026-09-28
Bubbakoo's Burritos - Sample Store,6d75d53f-b753,09/24/2026,09/24/2026 17:13,Completed,48.19,4.28,-12.05,-0.0,,-0.0,39.02,2026-09-28
Bubbakoo's Burritos - Sample Store,6c0d201f-435d,09/24/2026,09/24/2026 19:00,Completed,21.38,1.9,-5.34,-0.0,,-0.0,17.32,2026-09-28
Bubbakoo's Burritos - Sample Store,86e18e9e-57a8,09/24/2026,09/24/2026 20:04,Completed,56.06,4.98,-14.02,-0.0,,-0.0,45.39,2026-09-28
Bubbakoo's Burritos - Sample Store,5c1dc881-b4cf,09/24/2026,09/24/2026 16:14,Completed,32.49,2.88,-8.12,-0.0,,-0.0,26.31,2026-09-28
Bubbakoo's Burritos - Sample Store,7a4f35f2-b046,09/24/2026,09/24/2026 12:33,Completed,18.31,1.63,-4.58,-0.0,,-0.0,14.83,2026-09-28
Bubbakoo's Burritos - Sample Store,bc4b2be4-e4f1,09/24/2026,09/24/2026 19:06,Completed,37.78,3.35,-9.45,-0.0,,-0.0,30.58,2026-09-28
Bubbakoo's Burritos - Sample Store,c7157e2c-be66,09/24/2026,09/24/2026 17:26,Completed,11.27,1.0,-2.82,-0.0,,-0.0,9.12,2026-09-28
Bubbakoo's Burritos - Sample Store,84971da1-edad,09/24/2026,09/24/2026 20:44,Completed,12.59,1.12,-3.15,-0.0,,-0.0,10.19,2026-09-28
Bubbakoo's Burritos - Sample Store,72d96a3d-c0c5,09/24/2026,09/24/2026 17:10,Completed,44.98,3.99,-11.24,-0.0,,-0.0,36.43,2026-09-28
Bubbakoo's Burritos - Sample Store,5d316108-f988,09/24/2026,09/24/2026 14:42,Completed,39.54,3.51,-9.88,-0.0,,-0.0,32.02,2026-09-28
Bubbakoo's Burritos - Sample Store,3d005c0c-2d6b,09/24/2026,09/24/2026 15:03,Completed,56.89,5.05,-14.22,-0.0,,-0.0,46.07,2026-09-28
Bubbakoo's Burritos - Sample Store,c84b8b85-d64c,09/24/2026,09/24/2026 16:07,Completed,39.14,3.47,-9.79,-0.0,,-0.0,31.68,2026-09-28
Bubbakoo's Burritos - Sample Store,26a34c9b-0133,09/25/2026,09/25/2026 15:19,Completed,28.17,2.5,-7.04,-0.0,,-0.0,22.81,2026-09-28
Bubbakoo's Burritos - Sample Store,9f7a28ff-52de,09/25/2026,09/25/2026 12:58,Completed,45.55,4.04,-11.39,-0.0,,-0.0,36.88,2026-09-28
Bubbakoo's Burritos - Sample Store,b871a023-999f,09/25/2026,09/25/2026 19:14,Completed,56.12,4.98,-14.03,-0.0,,-0.0,45.44,2026-09-28
Bubbakoo's Burritos - Sample Store,0cecbbda-613a,09/25/2026,09/25/2026 11:33,Completed,35.05,3.11,-8.76,-0.0,,-0.0,28.38,2026-09-28
Bubbakoo's Burritos - Sample Store,3ac6b91f-f97b,09/25/2026,09/25/2026 13:53,Completed,25.53,2.27,-6.38,-0.0,,-0.0,20.68,2026-09-28
Bubbakoo's Burritos - Sample Store,ebf177ef-6bb5,09/25/2026,09/25/2026 15:50,Completed,24.67,2.19,-6.17,-0.0,,-0.0,19.97,2026-09-28
Bubbakoo's Burritos - Sample Store,48ab3efb-0dc7,09/25/2026,09/25/2026 12:16,Completed,43.31,3.84,-10.83,-0.0,,-0.0,35.06,2026-09-28
Bubbakoo's Burritos - Sample Store,604e188a-f581,09/25/2026,09/25/2026 20:31,Completed,24.27,2.15,-6.07,-0.0,,-0.0,19.65,2026-09-28
Bubbakoo's Burritos - Sample Store,65fad908-185f,09/25/2026,09/25/2026 17:46,Completed,46.8,4.15,-11.7,-0.0,,-0.0,37.89,2026-09-28
Bubbakoo's Burritos - Sample Store,dcf4def7-bbe7,09/25/2026,09/25/2026 17:30,Completed,30.52,2.71,-7.63,-17.08,Order never arrived,-0.0,7.63,2026-09-28
Bubbakoo's Burritos - Sample Store,09f95831-affa,09/25/2026,09/25/2026 11:47,Completed,12.1,1.07,-3.02,-0.0,,-0.0,9.8,2026-09-28
Bubbakoo's Burritos - Sample Store,5084f052-182e,09/25/2026,09/25/2026 20:01,Completed,55.46,4.92,-13.87,-0.0,,-0.0,44.9,2026-09-28
Bubbakoo's Burritos - Sample Store,0ddf4d78-f0a8,09/25/2026,09/25/2026 17:57,Completed,33.84,3.0,-8.46,-0.0,,-0.0,27.4,2026-09-28
Bubbakoo's Burritos - Sample Store,bfdb8a0a-33d2,09/25/2026,09/25/2026 20:42,Completed,53.77,4.77,-13.44,-0.0,,-0.0,43.54,2026-09-28
Bubbakoo's Burritos - Sample Store,f85bd800-a4a8,09/25/2026,09/25/2026 11:32,Completed,41.58,3.69,-10.39,-0.0,,-0.0,33.67,2026-09-28
Bubbakoo's Burritos - Sample Store,aef3340f-fc4d,09/25/2026,09/25/2026 12:19,Completed,31.99,2.84,-8.0,-0.0,,-0.0,25.9,2026-09-28
Bubbakoo's Burritos - Sample Store,2d720d40-0e4f,09/26/2026,09/26/2026 15:29,Completed,46.14,4.09,-11.54,-0.0,,-0.0,37.35,2026-09-28
Bubbakoo's Burritos - Sample Store,b4776616-2ece,09/26/2026,09/26/2026 19:00,Completed,37.3,3.31,-11.19,-0.0,,-0.0,28.34,2026-09-28
Bubbakoo's Burritos - Sample Store,a03b9806-cff9,09/26/2026,09/26/2026 20:27,Completed,55.93,4.96,-13.98,-0.0,,-0.0,45.29,2026-09-28
Bubbakoo's Burritos - Sample Store,a8504467-994b,09/26/2026,09/26/2026 16:22,Completed,20.39,1.81,-5.1,-0.0,,-0.0,16.51,2026-09-28
Bubbakoo's Burritos - Sample Store,ba2fd4a7-b0f6,09/26/2026,09/26/2026 16:11,Completed,18.55,1.65,-4.64,-0.0,,-0.0,15.02,2026-09-28
Bubbakoo's Burritos - Sample Store,6ba98399-2fd6,09/26/2026,09/26/2026 19:06,Completed,43.59,3.87,-10.9,-0.0,,-0.0,35.3,2026-09-28
Bubbakoo's Burritos - Sample Store,2d0e3828-cf04,09/26/2026,09/26/2026 18:17,Completed,30.45,2.7,-7.61,-0.0,,-0.0,24.66,2026-09-28
Bubbakoo's Burritos - Sample Store,bf869578-0621,09/26/2026,09/26/2026 18:34,Completed,51.35,4.56,-12.84,-0.0,,-0.0,41.58,2026-09-28
Bubbakoo's Burritos - Sample Store,0a2e1820-0dcb,09/26/2026,09/26/2026 16:13,Completed,29.84,2.65,-7.46,-0.0,,-0.0,24.16,2026-09-28
Bubbakoo's Burritos - Sample Store,70b781db-4a1b,09/26/2026,09/26/2026 19:50,Completed,28.94,2.57,-7.24,-0.0,,-0.0,23.43,2026-09-28
Bubbakoo's Burritos - Sample Store,029f7742-391c,09/26/2026,09/26/2026 11:13,Completed,56.73,5.03,-14.18,-26.3,Order never arrived,-0.0,19.63,2026-09-28
Bubbakoo's Burritos - Sample Store,e3153518-6032,09/26/2026,09/26/2026 15:23,Completed,36.44,3.23,-9.11,-0.0,,-0.0,29.5,2026-09-28
Bubbakoo's Burritos - Sample Store,bb4ef5fd-6408,09/26/2026,09/26/2026 14:44,Canceled,0.0,0.0,-0.0,-0.0,,-0.0,0.0,2026-09-28
Bubbakoo's Burritos - Sample Store,0aafd4ef-4327,09/26/2026,09/26/2026 14:35,Completed,30.61,2.72,-7.65,-0.0,,-0.0,24.79,2026-09-28
